application_id,applicant_age,years_employed,loan_type,credit_score,annual_income,loan_amount,loan_term_months,interest_rate
APP00001,24,3,Personal,676.0,10000.0,166999,120.0,14.42
APP00002,45,25,Personal,523.0,86595.0,459717,84.0,14.96
APP00003,23,2,Personal,573.0,,355985,36.0,13.18
APP00004,39,17,Education,785.0,98794.0,186615,,10.66
APP00005,43,22,Home,658.0,103832.0,18995,36.0,14.58
APP00006,59,38,Home,435.0,158595.0,54990,24.0,50.0
APP00007,48,25,Business,654.0,112936.0,186921,36.0,12.99
APP00008,34,15,Personal,676.0,79586.0,144619,36.0,11.17
APP00009,43,21,Personal,565.0,115082.0,326901,36.0,14.15
APP00010,28,7,Personal,845.0,105773.0,301869,84.0,5.97
APP00011,45,28,Education,753.0,126619.0,85445,48.0,10.27
APP00012,46,27,Auto,728.0,,250441,120.0,9.74
APP00013,28,6,Personal,648.0,42816.0,392615,60.0,12.43
APP00014,59,40,Personal,701.0,181806.0,29962,12.0,9.04
APP00015,58,36,Personal,730.0,,176132,120.0,9.42
APP00016,24,1,Education,701.0,36025.0,139375,48.0,13.3
APP00017,27,7,Home,609.0,45744.0,412412,84.0,14.89
APP00018,20,0,Education,678.0,18867.0,240295,48.0,15.75
APP00019,31,12,Auto,673.0,60505.0,370694,60.0,12.21
APP00020,26,3,Business,686.0,25338.0,363741,,12.96
APP00021,39,16,Home,580.0,62217.0,420435,48.0,15.21
APP00022,25,3,Personal,684.0,67140.0,137449,24.0,12.83
APP00023,44,25,Home,663.0,116796.0,382497,36.0,11.38
APP00024,20,1,Education,681.0,48060.0,374789,120.0,11.31
APP00025,54,36,Education,678.0,152915.0,15472,12.0,14.11
APP00026,29,11,Personal,547.0,44264.0,240399,60.0,15.22
APP00027,34,16,Home,730.0,81895.0,334419,120.0,6.87
APP00028,58,36,Auto,722.0,132186.0,310458,12.0,8.97
APP00029,24,7,Personal,555.0,40663.0,452640,24.0,15.52
APP00030,29,12,Personal,654.0,66918.0,125440,36.0,12.42
APP00031,43,22,Personal,594.0,103071.0,337214,24.0,13.68
APP00032,55,37,Home,625.0,149984.0,313109,12.0,9.99
APP00033,23,5,Personal,741.0,48086.0,254963,,8.06
APP00034,28,9,Auto,704.0,54709.0,368142,48.0,11.32
APP00035,39,21,Home,819.0,97864.0,172733,36.0,8.49
APP00036,21,0,Education,668.0,48814.0,338108,48.0,16.53
APP00037,20,0,Auto,571.0,62782.0,238659,12.0,14.52
APP00038,36,14,Home,670.0,91681.0,180701,84.0,12.27
APP00039,51,29,Personal,466.0,119695.0,117795,60.0,13.85
APP00040,49,31,Personal,802.0,,284595,120.0,9.01
APP00041,48,25,Education,681.0,124512.0,444157,36.0,12.37
APP00042,27,5,Home,695.0,61190.0,100967,12.0,10.1
APP00043,43,22,Personal,672.0,118837.0,439682,24.0,10.81
APP00044,30,10,Home,591.0,80709.0,46846,60.0,13.4
APP00045,61,39,Auto,649.0,161038.0,494937,24.0,11.91
APP00046,55,34,Auto,596.0,134825.0,236873,60.0,15.17
APP00047,20,0,Auto,618.0,10000.0,212576,84.0,13.79
APP00048,27,4,Education,685.0,58951.0,426692,84.0,12.91
APP00049,43,25,Home,562.0,119354.0,63187,84.0,14.14
APP00050,48,27,Home,788.0,103787.0,37679,12.0,8.44
APP00051,52,33,Personal,572.0,135973.0,420036,48.0,10.94
APP00052,41,18,Home,723.0,81790.0,112502,24.0,7.43
APP00053,56,35,Home,606.0,135570.0,185496,36.0,12.14
APP00054,55,34,Personal,557.0,164959.0,418254,84.0,14.04
APP00055,53,30,Personal,687.0,120760.0,317953,48.0,11.82
APP00056,23,1,Auto,669.0,69554.0,372740,12.0,10.28
APP00057,47,27,Personal,637.0,,494073,48.0,13.9
APP00058,53,31,Personal,650.0,118575.0,112954,24.0,10.77
APP00059,39,22,Personal,605.0,102442.0,233640,84.0,11.57
APP00060,47,24,Auto,688.0,142892.0,14221,24.0,12.22
APP00061,24,1,Personal,616.0,,446071,60.0,11.83
APP00062,39,21,Personal,656.0,104909.0,447376,24.0,11.95
APP00063,53,31,Personal,742.0,95440.0,377560,48.0,7.74
APP00064,50,28,Auto,548.0,128429.0,109730,120.0,16.93
APP00065,57,34,Personal,608.0,118321.0,346587,120.0,13.99
APP00066,29,11,Home,599.0,63470.0,257483,36.0,12.81
APP00067,49,28,Home,589.0,139976.0,237978,60.0,14.38
APP00068,37,18,Personal,545.0,83851.0,221666,60.0,13.16
APP00069,51,34,Personal,630.0,149533.0,12707,24.0,12.2
APP00070,22,2,Home,664.0,33042.0,85046,120.0,9.14
APP00071,39,21,Personal,643.0,92180.0,28470,48.0,11.37
APP00072,38,20,Personal,525.0,98148.0,366082,36.0,12.42
APP00073,41,20,Home,706.0,110243.0,455428,120.0,9.21
APP00074,23,1,Personal,707.0,34656.0,76535,48.0,8.35
APP00075,31,11,Home,657.0,64902.0,408525,48.0,12.44
APP00076,36,17,Personal,900.0,70053.0,101380,84.0,12.36
APP00077,32,14,Personal,583.0,49550.0,63499,84.0,13.56
APP00078,49,26,Personal,806.0,115098.0,156971,36.0,9.39
APP00079,61,40,Personal,788.0,155249.0,401794,60.0,10.01
APP00080,29,11,Home,689.0,69194.0,45533,12.0,9.96
APP00081,32,15,Auto,578.0,93504.0,92562,24.0,13.44
APP00082,23,3,Home,751.0,51820.0,413306,48.0,8.71
APP00083,34,16,Personal,665.0,68011.0,45067,12.0,11.67
APP00084,40,20,Home,784.0,97774.0,427781,84.0,8.27
APP00085,35,18,Education,605.0,91722.0,446083,,15.08
APP00086,55,37,Personal,688.0,144653.0,304865,120.0,9.63
APP00087,24,6,Personal,634.0,15432.0,160388,24.0,9.04
APP00088,28,8,Personal,710.0,43504.0,310513,36.0,10.39
APP00089,46,26,Home,600.0,111676.0,359245,24.0,14.41
APP00090,43,24,Personal,723.0,,75443,60.0,11.2
APP00091,33,11,Education,620.0,60385.0,44799,84.0,11.91
APP00092,59,38,Home,580.0,130569.0,205230,24.0,15.6
APP00093,23,3,Home,695.0,59814.0,286156,48.0,13.08
APP00094,49,32,Personal,669.0,131650.0,475731,84.0,10.57
APP00095,32,10,Personal,482.0,54961.0,424484,,16.62
APP00096,32,13,Personal,647.0,79345.0,340061,12.0,11.28
APP00097,35,16,Education,658.0,91323.0,426731,24.0,13.77
APP00098,49,30,Personal,665.0,124567.0,190107,84.0,10.4
APP00099,28,7,Personal,813.0,43390.0,451039,60.0,5.77
APP00100,58,39,Personal,599.0,146012.0,388986,48.0,11.94
APP00101,26,3,Personal,649.0,51223.0,166106,60.0,10.06
APP00102,41,21,Personal,515.0,94829.0,308491,12.0,15.7
APP00103,47,28,Personal,534.0,126735.0,198785,12.0,15.21
APP00104,27,4,Business,605.0,13883.0,174831,120.0,12.88
APP00105,37,20,Education,640.0,86269.0,473783,48.0,12.96
APP00106,25,4,Personal,634.0,36734.0,377045,36.0,12.37
APP00107,56,35,Auto,701.0,134580.0,283119,12.0,11.28
APP00108,61,38,Personal,708.0,122081.0,455675,48.0,6.78
APP00109,61,40,Home,730.0,150932.0,461022,12.0,9.8
APP00110,49,28,Education,637.0,142751.0,57632,84.0,10.64
APP00111,46,23,Personal,689.0,107754.0,55465,48.0,9.48
APP00112,20,0,Personal,593.0,21703.0,481026,60.0,11.19
APP00113,42,24,Auto,,95612.0,94828,24.0,9.76
APP00114,54,33,Home,688.0,,169080,12.0,8.88
APP00115,32,10,Business,610.0,64970.0,273911,48.0,14.38
APP00116,26,7,Personal,394.0,40219.0,132812,60.0,15.66
APP00117,60,39,Personal,598.0,,490887,36.0,13.83
APP00118,54,32,Personal,850.0,145274.0,242571,120.0,6.04
APP00119,49,27,Personal,642.0,130050.0,312344,,14.21
APP00120,58,39,Personal,,163584.0,441207,120.0,11.39
APP00121,37,19,Home,658.0,65469.0,209361,120.0,10.7
APP00122,25,3,Personal,739.0,30630.0,399046,24.0,10.66
APP00123,35,13,Home,676.0,,492853,84.0,11.57
APP00124,32,14,Home,633.0,56532.0,387134,24.0,13.16
APP00125,61,40,Personal,548.0,176270.0,290292,12.0,11.27
APP00126,60,40,Home,626.0,157061.0,384070,84.0,10.77
APP00127,48,28,Business,554.0,133255.0,21876,12.0,13.73
APP00128,57,34,Personal,678.0,,471575,12.0,8.27
APP00129,29,8,Home,770.0,37558.0,328386,120.0,9.5
APP00130,43,22,Personal,734.0,84619.0,35976,120.0,10.28
APP00131,41,20,Business,602.0,115251.0,225152,120.0,13.92
APP00132,24,6,Education,571.0,43775.0,300138,84.0,15.86
APP00133,47,27,Business,539.0,97461.0,127762,84.0,13.69
APP00134,32,13,Personal,685.0,83241.0,73898,36.0,10.92
APP00135,61,40,Personal,695.0,134250.0,339887,60.0,11.51
APP00136,31,10,Personal,713.0,58957.0,481880,24.0,11.61
APP00137,26,7,Personal,677.0,56873.0,241144,120.0,10.06
APP00138,53,31,Business,553.0,132985.0,358122,120.0,14.84
APP00139,41,18,Home,496.0,93321.0,125810,24.0,15.7
APP00140,41,23,Home,738.0,101635.0,419437,36.0,9.77
APP00141,50,27,Personal,582.0,,495279,,10.3
APP00142,48,26,Education,801.0,116241.0,330300,84.0,10.5
APP00143,32,11,Personal,481.0,63896.0,227643,120.0,16.27
APP00144,32,10,Home,561.0,58376.0,70824,60.0,14.17
APP00145,56,37,Home,574.0,155101.0,457948,120.0,11.05
APP00146,27,8,Auto,670.0,66462.0,177152,120.0,50.0
APP00147,41,19,Auto,702.0,93349.0,430024,36.0,10.33
APP00148,61,40,Home,605.0,179844.0,20449,24.0,11.7
APP00149,58,36,Home,696.0,177458.0,201830,60.0,9.33
APP00150,35,14,Home,545.0,,399757,84.0,14.64
APP00151,38,17,Auto,609.0,78521.0,78071,12.0,15.77
APP00152,48,27,Personal,552.0,96317.0,36744,120.0,12.96
APP00153,36,16,Personal,604.0,89194.0,152715,12.0,13.05
APP00154,25,2,Auto,597.0,10000.0,358955,12.0,14.53
APP00155,55,38,Education,673.0,176223.0,206415,,12.96
APP00156,33,12,Home,850.0,82406.0,307115,84.0,8.57
APP00157,52,31,Personal,539.0,120650.0,350084,24.0,12.73
APP00158,43,24,Auto,632.0,116352.0,45171,24.0,11.24
APP00159,51,28,Business,703.0,105867.0,85913,36.0,11.46
APP00160,53,33,Home,654.0,118395.0,196447,12.0,10.26
APP00161,60,40,Personal,,168788.0,109546,120.0,9.01
APP00162,47,30,Personal,567.0,110065.0,350388,60.0,35.0
APP00163,34,11,Home,710.0,68216.0,152099,,11.6
APP00164,61,38,Personal,586.0,148997.0,317458,24.0,10.34
APP00165,52,31,Personal,714.0,151978.0,355319,36.0,9.64
APP00166,54,31,Business,662.0,133232.0,381700,36.0,16.03
APP00167,51,32,Home,668.0,155421.0,414815,120.0,10.47
APP00168,58,35,Home,601.0,154313.0,332483,84.0,12.28
APP00169,38,21,Personal,501.0,84986.0,177314,24.0,15.16
APP00170,29,12,Personal,560.0,50203.0,19937,48.0,13.79
APP00171,29,7,Personal,705.0,20039.0,157341,24.0,13.24
APP00172,33,10,Personal,627.0,61801.0,354932,,10.07
APP00173,41,24,Auto,707.0,64359.0,487435,60.0,12.26
APP00174,21,4,Auto,542.0,29758.0,22555,120.0,13.76
APP00175,51,31,Business,699.0,92296.0,100104,120.0,11.95
APP00176,34,16,Business,729.0,71122.0,67777,,12.74
APP00177,36,19,Personal,472.0,100641.0,68958,120.0,12.21
APP00178,45,24,Personal,674.0,92881.0,99851,60.0,13.48
APP00179,53,34,Home,803.0,129728.0,251440,36.0,8.59
APP00180,41,22,Personal,588.0,92757.0,193804,24.0,13.3
APP00181,39,19,Education,728.0,94044.0,484509,48.0,8.6
APP00182,38,18,Home,652.0,64592.0,14402,48.0,12.02
APP00183,20,0,Home,717.0,30808.0,421645,48.0,12.42
APP00184,33,16,Home,618.0,,287029,24.0,14.18
APP00185,30,8,Personal,587.0,39253.0,126933,,12.96
APP00186,47,27,Home,614.0,100806.0,404145,84.0,12.36
APP00187,48,31,Personal,620.0,146492.0,475478,12.0,12.13
APP00188,28,6,Business,602.0,59191.0,8579,12.0,15.27
APP00189,53,33,Auto,578.0,141146.0,483795,36.0,16.13
APP00190,56,34,Education,737.0,125386.0,34398,24.0,10.47
APP00191,45,28,Education,602.0,113523.0,67986,60.0,11.88
APP00192,48,31,Home,552.0,108763.0,194027,120.0,15.59
APP00193,27,10,Education,574.0,34639.0,68657,24.0,14.17
APP00194,35,18,Auto,688.0,79591.0,139295,48.0,13.77
APP00195,20,1,Home,471.0,,309739,120.0,16.52
APP00196,38,19,Personal,689.0,-999.0,428655,60.0,10.34
APP00197,59,36,Home,706.0,125904.0,121409,60.0,9.29
APP00198,20,2,Home,751.0,40924.0,430253,48.0,9.94
APP00199,29,12,Auto,614.0,60421.0,467566,,35.0
APP00200,54,37,Education,583.0,123688.0,163980,48.0,14.9
APP00201,25,2,Home,663.0,65985.0,351884,36.0,10.12
APP00202,41,24,Personal,660.0,79662.0,80449,60.0,11.44
APP00203,36,18,Personal,754.0,89745.0,138664,36.0,12.04
APP00204,61,40,Education,654.0,141873.0,406958,84.0,13.72
APP00205,31,13,Education,615.0,80694.0,31735,36.0,13.28
APP00206,52,31,Home,543.0,129202.0,385072,24.0,14.13
APP00207,60,39,Personal,633.0,168965.0,490430,12.0,11.62
APP00208,56,36,Personal,655.0,143083.0,375355,24.0,10.78
APP00209,25,3,Personal,744.0,27181.0,403532,48.0,7.63
APP00210,48,29,Education,658.0,143374.0,24995,24.0,10.15
APP00211,49,31,Home,757.0,127260.0,47491,36.0,12.6
APP00212,51,29,Home,749.0,118576.0,243435,84.0,8.25
APP00213,27,9,Auto,588.0,55432.0,284163,60.0,14.03
APP00214,48,29,Personal,558.0,,375752,24.0,12.68
APP00215,34,13,Home,599.0,75786.0,138673,84.0,10.99
APP00216,33,10,Home,631.0,86076.0,18491,12.0,13.62
APP00217,39,18,Home,585.0,108929.0,210762,12.0,12.09
APP00218,61,39,Personal,706.0,158178.0,434499,84.0,7.92
APP00219,33,15,Home,704.0,86583.0,226583,24.0,12.56
APP00220,44,22,Personal,746.0,110524.0,50442,120.0,10.31
APP00221,23,0,Personal,672.0,19367.0,318353,84.0,9.36
APP00222,27,5,Home,,67262.0,308312,24.0,13.37
APP00223,52,32,Personal,682.0,,244839,48.0,8.89
APP00224,53,35,Business,577.0,113650.0,467748,60.0,14.94
APP00225,31,9,Home,662.0,66943.0,465826,,11.18
APP00226,47,30,Education,589.0,111191.0,17171,120.0,14.5
APP00227,24,2,Education,742.0,-999.0,422706,24.0,12.23
APP00228,58,37,Personal,437.0,157425.0,314844,36.0,13.59
APP00229,51,33,Personal,718.0,129813.0,356566,120.0,9.68
APP00230,50,28,Business,721.0,122605.0,131028,24.0,13.71
APP00231,34,11,Home,647.0,84322.0,412053,48.0,11.57
APP00232,32,-5,Home,677.0,36989.0,492340,36.0,11.91
APP00233,36,16,Education,666.0,51786.0,316532,24.0,12.87
APP00234,46,24,Personal,753.0,,54950,84.0,12.05
APP00235,52,35,Home,782.0,137230.0,330448,84.0,8.58
APP00236,53,32,Personal,651.0,162391.0,451350,36.0,11.14
APP00237,28,7,Personal,781.0,66146.0,417489,120.0,10.6
APP00238,50,28,Personal,599.0,126316.0,265986,12.0,14.4
APP00239,53,32,Personal,,,100434,12.0,10.88
APP00240,35,12,Personal,685.0,38172.0,76628,84.0,11.32
APP00241,42,24,Auto,549.0,85709.0,295573,36.0,14.73
APP00242,54,33,Home,676.0,129456.0,55873,36.0,13.09
APP00243,32,11,Auto,597.0,66709.0,226225,12.0,11.72
APP00244,24,4,Personal,714.0,35119.0,465777,24.0,9.16
APP00245,40,20,Personal,579.0,94361.0,276129,,13.18
APP00246,38,19,Home,,99978.0,154099,24.0,14.61
APP00247,41,18,Personal,546.0,75617.0,101788,48.0,15.25
APP00248,42,19,Auto,652.0,,368228,48.0,11.4
APP00249,38,20,Personal,675.0,78114.0,43367,120.0,13.04
APP00250,25,8,Personal,677.0,72361.0,70671,36.0,11.63
APP00251,59,38,Auto,,119868.0,301764,36.0,13.98
APP00252,25,7,Personal,713.0,59993.0,12839,48.0,9.39
APP00253,25,2,Auto,606.0,46513.0,68641,60.0,13.22
APP00254,26,3,Personal,632.0,10000.0,454575,60.0,13.04
APP00255,51,33,Personal,728.0,126916.0,326406,12.0,9.17
APP00256,49,31,Home,637.0,143974.0,53455,120.0,12.42
APP00257,36,15,Home,500.0,62981.0,404365,60.0,12.71
APP00258,24,6,Personal,707.0,39047.0,453836,84.0,11.01
APP00259,58,39,Home,650.0,152659.0,71627,60.0,12.91
APP00260,33,16,Home,619.0,99418.0,268069,120.0,13.49
APP00261,22,4,Auto,753.0,50564.0,241461,24.0,12.04
APP00262,32,15,Personal,600.0,66196.0,219455,24.0,14.01
APP00263,44,23,Home,702.0,81410.0,323291,24.0,12.24
APP00264,47,27,Business,661.0,92207.0,335698,48.0,12.27
APP00265,36,18,Personal,850.0,91033.0,74540,84.0,8.91
APP00266,25,5,Auto,506.0,,200558,12.0,16.26
APP00267,60,40,Personal,666.0,147687.0,311057,120.0,10.72
APP00268,49,28,Home,678.0,126848.0,373011,60.0,11.73
APP00269,29,11,Personal,738.0,45510.0,315459,36.0,8.87
APP00270,59,37,Home,616.0,141876.0,294901,60.0,13.32
APP00271,34,12,Home,599.0,65038.0,299982,24.0,13.8
APP00272,26,6,Education,761.0,58798.0,483267,60.0,9.92
APP00273,22,5,Education,616.0,24056.0,294116,48.0,13.12
APP00274,57,38,Education,672.0,150923.0,41283,120.0,12.04
APP00275,42,23,Business,646.0,101038.0,363015,84.0,14.21
APP00276,29,11,Personal,680.0,,151090,36.0,11.57
APP00277,55,32,Auto,542.0,107041.0,445688,84.0,14.97
APP00278,35,18,Education,606.0,93472.0,38048,12.0,12.75
APP00279,40,23,Personal,645.0,89231.0,386820,24.0,10.73
APP00280,52,30,Auto,658.0,122559.0,234191,60.0,11.95
APP00281,55,38,Home,737.0,137146.0,435766,,5.71
APP00282,41,19,Personal,690.0,118173.0,113644,120.0,10.67
APP00283,26,5,Home,696.0,45137.0,386469,84.0,13.97
APP00284,40,18,Home,645.0,117994.0,134527,24.0,10.83
APP00285,20,0,Home,750.0,18929.0,372093,24.0,10.91
APP00286,40,18,Personal,601.0,81752.0,177440,60.0,9.59
APP00287,53,33,Education,642.0,156041.0,153037,60.0,13.22
APP00288,41,23,Personal,531.0,96425.0,282525,120.0,11.04
APP00289,22,3,Auto,566.0,44576.0,279703,60.0,13.74
APP00290,31,12,Personal,718.0,84052.0,99138,48.0,11.45
APP00291,31,11,Home,646.0,58006.0,348271,12.0,13.5
APP00292,56,36,Personal,501.0,133437.0,249980,24.0,11.06
APP00293,28,9,Home,646.0,53460.0,206385,12.0,11.62
APP00294,27,4,Home,631.0,56374.0,53709,48.0,12.49
APP00295,27,5,Personal,559.0,50820.0,498127,60.0,15.2
APP00296,41,21,Auto,676.0,114942.0,394022,24.0,12.03
APP00297,39,18,Home,628.0,82049.0,77415,24.0,13.2
APP00298,59,39,Personal,650.0,146055.0,457038,48.0,10.03
APP00299,42,20,Personal,725.0,75494.0,496702,,8.7
APP00300,55,38,Personal,600.0,145526.0,255733,48.0,11.47
APP00301,37,20,Personal,736.0,83553.0,246729,120.0,11.54
APP00302,53,31,Education,628.0,125816.0,373894,,15.63
APP00303,28,7,Personal,629.0,36707.0,305594,24.0,12.9
APP00304,35,16,Auto,752.0,68892.0,199229,12.0,50.0
APP00305,30,7,Home,680.0,46146.0,117542,120.0,10.98
APP00306,38,21,Auto,617.0,110106.0,291831,84.0,14.95
APP00307,47,26,Home,640.0,106616.0,494192,60.0,10.59
APP00308,37,16,Personal,667.0,71024.0,454268,60.0,35.0
APP00309,46,23,Education,533.0,117396.0,161705,60.0,0.05
APP00310,59,39,Home,703.0,173391.0,53954,24.0,7.5
APP00311,20,1,Education,649.0,27151.0,460261,12.0,15.03
APP00312,28,9,Personal,546.0,53374.0,287308,36.0,15.34
APP00313,33,13,Personal,574.0,42878.0,43229,120.0,11.88
APP00314,44,22,Personal,718.0,75491.0,158330,120.0,9.12
APP00315,32,11,Auto,548.0,62917.0,417625,24.0,16.08
APP00316,54,37,Personal,821.0,167615.0,41787,12.0,5.65
APP00317,23,6,Home,564.0,75264.0,220504,120.0,12.93
APP00318,52,32,Home,666.0,143185.0,57766,24.0,13.05
APP00319,46,27,Home,,107592.0,450236,120.0,18.91
APP00320,37,14,Personal,643.0,80954.0,49873,84.0,11.98
APP00321,31,11,Education,,41679.0,483301,48.0,11.58
APP00322,21,0,Home,687.0,27262.0,292276,,12.67
APP00323,57,37,Personal,664.0,129172.0,226679,48.0,9.29
APP00324,57,40,Home,622.0,,189332,36.0,11.1
APP00325,29,10,Personal,820.0,81987.0,365878,60.0,8.59
APP00326,47,30,Home,710.0,157113.0,284808,84.0,8.15
APP00327,39,22,Personal,590.0,102115.0,197748,48.0,10.6
APP00328,40,20,Education,676.0,98438.0,274504,120.0,12.59
APP00329,22,2,Personal,417.0,10093.0,279175,120.0,16.42
APP00330,28,7,Personal,601.0,41124.0,162218,120.0,10.03
APP00331,40,18,Personal,747.0,108894.0,453957,48.0,9.34
APP00332,30,8,Home,603.0,71530.0,395572,12.0,12.38
APP00333,52,33,Home,659.0,146609.0,217520,48.0,11.03
APP00334,22,0,Home,555.0,35248.0,318164,36.0,13.61
APP00335,42,21,Home,,120392.0,268978,36.0,6.66
APP00336,23,6,Home,656.0,43892.0,425389,60.0,12.94
APP00337,61,38,Personal,647.0,147273.0,174619,60.0,11.2
APP00338,48,29,Personal,722.0,163436.0,230603,48.0,0.05
APP00339,35,14,Personal,778.0,60479.0,333643,,11.76
APP00340,58,40,Personal,711.0,163273.0,190305,24.0,9.17
APP00341,29,9,Home,508.0,51718.0,462175,24.0,16.25
APP00342,61,40,Education,678.0,179014.0,277211,60.0,11.69
APP00343,61,39,Education,668.0,149390.0,195576,24.0,12.7
APP00344,56,38,Business,555.0,144985.0,471893,84.0,15.46
APP00345,60,40,Personal,517.0,151888.0,325070,84.0,12.38
APP00346,32,14,Auto,613.0,85461.0,442671,36.0,15.05
APP00347,54,34,Personal,622.0,122285.0,44131,12.0,11.84
APP00348,56,39,Auto,640.0,131121.0,133793,12.0,12.54
APP00349,42,23,Auto,587.0,100351.0,332469,120.0,13.76
APP00350,25,5,Home,658.0,39216.0,53998,60.0,11.8
APP00351,35,12,Business,,75034.0,432476,36.0,14.21
APP00352,23,2,Home,622.0,29764.0,223075,60.0,11.48
APP00353,57,36,Home,676.0,134669.0,493434,120.0,13.21
APP00354,42,24,Personal,598.0,109662.0,343733,84.0,13.97
APP00355,34,15,Auto,520.0,82997.0,64006,,16.3
APP00356,56,34,Home,645.0,152661.0,188830,84.0,11.17
APP00357,39,18,Home,716.0,87142.0,288237,12.0,9.32
APP00358,57,36,Home,850.0,116576.0,165499,84.0,6.1
APP00359,43,25,Auto,475.0,107869.0,85256,60.0,15.76
APP00360,25,8,Personal,605.0,54290.0,445985,36.0,14.38
APP00361,44,21,Home,575.0,94285.0,251838,36.0,15.65
APP00362,31,8,Personal,667.0,62166.0,307869,12.0,10.86
APP00363,46,29,Personal,575.0,117132.0,276723,84.0,11.83
APP00364,54,34,Personal,655.0,154112.0,195264,60.0,8.43
APP00365,36,15,Home,724.0,72206.0,396212,12.0,9.7
APP00366,61,40,Education,585.0,177598.0,116206,36.0,13.04
APP00367,39,16,Personal,639.0,63115.0,440724,36.0,13.68
APP00368,54,36,Personal,775.0,108431.0,349286,24.0,8.17
APP00369,30,11,Home,716.0,49326.0,33369,48.0,12.32
APP00370,24,2,Personal,516.0,77744.0,356042,36.0,0.05
APP00371,23,0,Personal,811.0,,205214,12.0,8.23
APP00372,24,1,Home,591.0,30144.0,430342,84.0,15.55
APP00373,60,40,Personal,670.0,,178998,48.0,11.59
APP00374,27,5,Education,613.0,38246.0,398118,24.0,15.91
APP00375,22,4,Personal,609.0,45426.0,41220,,10.55
APP00376,59,40,Home,590.0,158514.0,296203,12.0,13.68
APP00377,30,7,Personal,695.0,82120.0,63485,48.0,12.26
APP00378,28,5,Business,584.0,62761.0,443294,24.0,13.47
APP00379,49,31,Personal,545.0,132049.0,147237,84.0,13.74
APP00380,24,3,Home,600.0,48879.0,398890,60.0,15.22
APP00381,20,0,Personal,646.0,,381572,,13.47
APP00382,43,25,Personal,486.0,92600.0,141800,60.0,13.32
APP00383,40,19,Personal,709.0,106465.0,195128,12.0,9.55
APP00384,49,32,Personal,589.0,121762.0,485865,48.0,11.38
APP00385,51,29,Personal,704.0,133582.0,242958,24.0,7.57
APP00386,42,21,Home,,98232.0,57107,48.0,9.53
APP00387,50,32,Home,671.0,144954.0,436380,120.0,11.37
APP00388,20,0,Personal,689.0,50316.0,362788,120.0,11.09
APP00389,54,37,Auto,610.0,156181.0,371369,120.0,11.48
APP00390,40,17,Personal,593.0,76124.0,83326,12.0,9.5
APP00391,35,12,Home,495.0,62651.0,255721,84.0,13.81
APP00392,40,22,Auto,631.0,107884.0,148079,120.0,13.7
APP00393,37,18,Home,603.0,80327.0,362650,,14.49
APP00394,30,9,Personal,457.0,52031.0,110555,24.0,15.29
APP00395,20,0,Personal,668.0,27200.0,474566,24.0,11.34
APP00396,20,0,Personal,768.0,23612.0,118495,24.0,8.26
APP00397,54,33,Personal,679.0,142478.0,318862,60.0,10.65
APP00398,55,32,Home,,124625.0,239934,84.0,8.67
APP00399,48,30,Business,625.0,126412.0,470010,12.0,14.49
APP00400,61,39,Personal,565.0,142823.0,354853,36.0,16.22
APP00401,55,33,Auto,652.0,108574.0,228774,84.0,10.89
APP00402,41,22,Personal,619.0,111386.0,213755,12.0,14.96
APP00403,58,38,Business,556.0,165300.0,154410,24.0,14.92
APP00404,44,22,Personal,729.0,91916.0,395506,60.0,9.04
APP00405,42,24,Personal,660.0,117918.0,162522,12.0,11.87
APP00406,43,24,Personal,594.0,110505.0,389027,120.0,13.09
APP00407,48,31,Personal,662.0,110808.0,95712,36.0,10.92
APP00408,31,8,Personal,635.0,,366606,,9.9
APP00409,31,11,Education,,34328.0,433138,60.0,12.8
APP00410,42,20,Auto,774.0,92251.0,367709,48.0,11.9
APP00411,48,25,Personal,597.0,119896.0,136019,24.0,14.01
APP00412,56,37,Home,551.0,130905.0,388757,24.0,12.98
APP00413,22,3,Home,757.0,62795.0,310445,48.0,9.45
APP00414,49,27,Personal,838.0,106679.0,111127,36.0,10.24
APP00415,59,38,Business,598.0,169548.0,463225,24.0,10.35
APP00416,61,38,Personal,,147911.0,319411,120.0,11.03
APP00417,28,10,Home,551.0,71493.0,330369,12.0,14.23
APP00418,58,40,Personal,646.0,156421.0,121697,60.0,10.16
APP00419,46,25,Home,656.0,144889.0,70211,24.0,11.53
APP00420,37,16,Business,626.0,86646.0,221347,12.0,13.95
APP00421,36,14,Auto,714.0,89548.0,423846,84.0,9.63
APP00422,27,5,Personal,582.0,56227.0,163557,84.0,11.67
APP00423,24,7,Auto,600.0,54714.0,394574,36.0,11.3
APP00424,23,4,Home,547.0,38430.0,19808,36.0,12.73
APP00425,43,26,Personal,758.0,118813.0,414228,24.0,7.91
APP00426,48,31,Home,733.0,143649.0,436592,120.0,9.92
APP00427,56,38,Personal,752.0,164797.0,18487,,8.73
APP00428,51,33,Auto,580.0,143400.0,295061,84.0,12.77
APP00429,60,39,Personal,754.0,152453.0,254807,36.0,8.66
APP00430,41,21,Personal,671.0,107519.0,426255,12.0,8.85
APP00431,20,2,Education,705.0,21241.0,188856,60.0,12.46
APP00432,48,28,Personal,694.0,119047.0,188634,,12.37
APP00433,27,9,Auto,622.0,27886.0,126348,48.0,11.91
APP00434,46,27,Education,634.0,105945.0,70570,120.0,13.91
APP00435,25,4,Auto,525.0,40277.0,211624,12.0,14.96
APP00436,32,15,Education,604.0,56651.0,263830,60.0,12.43
APP00437,21,0,Personal,630.0,12662.0,382803,60.0,11.82
APP00438,41,24,Personal,556.0,120814.0,336812,84.0,9.78
APP00439,45,27,Home,656.0,123911.0,402558,,12.28
APP00440,45,24,Personal,750.0,123187.0,194578,84.0,10.29
APP00441,41,22,Business,609.0,118013.0,419768,12.0,11.62
APP00442,58,38,Home,571.0,161338.0,54204,36.0,11.84
APP00443,57,39,Home,580.0,166899.0,440317,60.0,11.11
APP00444,45,28,Home,,124198.0,83828,12.0,10.58
APP00445,24,4,Home,788.0,62244.0,192986,60.0,9.93
APP00446,49,29,Personal,661.0,100084.0,8312,84.0,12.41
APP00447,42,24,Personal,653.0,104427.0,199869,36.0,12.31
APP00448,52,35,Personal,549.0,157778.0,39374,120.0,11.73
APP00449,42,24,Personal,675.0,119713.0,372474,84.0,13.27
APP00450,54,33,Home,698.0,136891.0,214965,24.0,9.82
APP00451,30,7,Personal,616.0,47747.0,345151,60.0,12.0
APP00452,33,10,Education,,74892.0,349771,24.0,12.49
APP00453,55,34,Personal,596.0,136571.0,267948,60.0,10.37
APP00454,53,33,Personal,707.0,119057.0,72929,12.0,9.01
APP00455,58,40,Education,755.0,175774.0,138432,12.0,6.86
APP00456,59,36,Home,679.0,139812.0,476972,60.0,10.49
APP00457,36,13,Home,,-999.0,276895,48.0,12.68
APP00458,24,2,Auto,653.0,12357.0,74517,36.0,14.28
APP00459,43,24,Home,597.0,68645.0,386433,24.0,12.99
APP00460,20,0,Personal,587.0,37065.0,307214,24.0,10.66
APP00461,38,16,Business,616.0,106404.0,460607,12.0,14.96
APP00462,29,6,Education,658.0,15276.0,127012,48.0,15.22
APP00463,26,3,Auto,648.0,32162.0,67334,12.0,14.15
APP00464,37,16,Personal,,,228667,12.0,9.39
APP00465,22,0,Home,707.0,33142.0,122015,12.0,12.84
APP00466,34,15,Personal,767.0,79218.0,483034,120.0,10.94
APP00467,22,4,Personal,710.0,42630.0,315150,120.0,12.24
APP00468,51,29,Education,629.0,108610.0,492024,36.0,11.25
APP00469,28,11,Home,656.0,81968.0,280125,36.0,12.23
APP00470,33,11,Personal,519.0,79924.0,370628,48.0,12.46
APP00471,48,26,Auto,782.0,118971.0,469374,60.0,12.7
APP00472,61,40,Home,602.0,123822.0,450804,84.0,14.02
APP00473,46,27,Home,616.0,,488476,120.0,11.99
APP00474,59,36,Personal,,144660.0,72823,60.0,7.15
APP00475,38,20,Home,,102184.0,26160,48.0,13.87
APP00476,40,19,Home,599.0,119967.0,68837,48.0,14.66
APP00477,43,20,Personal,644.0,113941.0,315063,36.0,9.74
APP00478,48,31,Personal,603.0,128138.0,359686,60.0,13.47
APP00479,48,27,Education,656.0,132793.0,185824,84.0,12.39
APP00480,35,18,Auto,668.0,96889.0,115562,12.0,13.97
APP00481,53,36,Home,700.0,136764.0,395394,120.0,13.12
APP00482,20,2,Personal,640.0,38725.0,367333,24.0,10.07
APP00483,21,1,Home,704.0,10000.0,255649,48.0,10.03
APP00484,44,27,Home,622.0,93112.0,472347,,11.05
APP00485,59,38,Personal,698.0,154844.0,131027,60.0,10.33
APP00486,56,34,Home,743.0,160381.0,360286,48.0,7.88
APP00487,42,22,Home,511.0,86011.0,80175,60.0,15.54
APP00488,21,3,Business,631.0,57995.0,216393,36.0,11.71
APP00489,40,17,Auto,663.0,87035.0,37007,60.0,13.15
APP00490,28,6,Personal,499.0,76578.0,86337,48.0,13.62
APP00491,43,25,Personal,406.0,105029.0,319021,120.0,16.4
APP00492,47,25,Personal,674.0,154868.0,427095,120.0,11.02
APP00493,55,38,Personal,598.0,158798.0,178710,48.0,12.27
APP00494,34,15,Home,712.0,74870.0,454351,84.0,7.84
APP00495,42,22,Personal,648.0,104635.0,239657,24.0,10.24
APP00496,45,27,Personal,648.0,89298.0,211226,84.0,10.16
APP00497,45,28,Home,621.0,125255.0,335451,84.0,13.82
APP00498,50,29,Education,657.0,118446.0,483917,84.0,13.79
APP00499,32,14,Auto,577.0,82784.0,366067,36.0,0.1
APP00500,43,20,Personal,608.0,89539.0,345674,60.0,10.8
APP00501,58,38,Personal,,111137.0,412608,84.0,8.76
APP00502,44,21,Personal,629.0,58402.0,138825,36.0,12.39
APP00503,42,24,Home,689.0,97271.0,290539,60.0,13.1
APP00504,47,30,Education,648.0,,154163,24.0,13.3
APP00505,22,0,Personal,622.0,43504.0,270324,48.0,10.37
APP00506,38,19,Auto,572.0,74810.0,177836,60.0,15.08
APP00507,57,35,Home,,148928.0,266047,,11.98
APP00508,37,15,Home,583.0,75721.0,189990,60.0,15.07
APP00509,37,18,Auto,679.0,111077.0,238816,36.0,13.08
APP00510,24,7,Personal,525.0,53953.0,382248,48.0,12.78
APP00511,45,22,Personal,671.0,103579.0,388175,24.0,11.0
APP00512,49,27,Auto,680.0,101286.0,338267,12.0,13.96
APP00513,31,12,Personal,598.0,74176.0,243237,60.0,9.98
APP00514,57,37,Personal,520.0,158623.0,239587,48.0,35.0
APP00515,51,30,Home,637.0,124362.0,69225,24.0,10.37
APP00516,23,5,Personal,657.0,,255469,48.0,12.13
APP00517,50,27,Personal,,100835.0,288705,12.0,10.6
APP00518,33,15,Personal,595.0,74788.0,247095,48.0,11.86
APP00519,25,2,Education,721.0,42621.0,283146,24.0,10.13
APP00520,59,37,Home,640.0,143777.0,339908,60.0,11.99
APP00521,20,1,Personal,616.0,51778.0,384046,48.0,12.86
APP00522,35,14,Auto,716.0,84566.0,95822,12.0,11.56
APP00523,56,35,Auto,648.0,132802.0,165007,36.0,12.25
APP00524,33,12,Auto,594.0,54482.0,473718,,13.99
APP00525,52,30,Business,718.0,125946.0,10398,48.0,12.55
APP00526,52,32,Personal,620.0,121561.0,381085,60.0,11.18
APP00527,31,10,Home,723.0,56103.0,215809,36.0,11.87
APP00528,21,1,Auto,596.0,16377.0,284902,48.0,15.32
APP00529,52,33,Business,675.0,147354.0,222471,84.0,10.68
APP00530,59,37,Personal,747.0,151081.0,372421,12.0,0.05
APP00531,26,4,Auto,685.0,47425.0,239461,36.0,9.19
APP00532,23,3,Personal,689.0,52037.0,408971,36.0,8.91
APP00533,58,38,Personal,685.0,117142.0,95690,60.0,10.74
APP00534,50,28,Auto,717.0,120261.0,119008,12.0,10.53
APP00535,24,5,Auto,,42428.0,439671,48.0,14.72
APP00536,47,24,Personal,685.0,117151.0,392549,36.0,9.46
APP00537,60,37,Personal,631.0,156113.0,257947,48.0,12.62
APP00538,50,32,Business,802.0,140380.0,262761,24.0,7.97
APP00539,46,29,Home,580.0,142439.0,80429,84.0,15.07
APP00540,61,40,Home,715.0,129962.0,250564,12.0,8.92
APP00541,46,26,Personal,572.0,97275.0,472147,84.0,12.48
APP00542,47,26,Home,692.0,131573.0,298033,84.0,9.47
APP00543,45,24,Personal,753.0,128629.0,255279,36.0,8.0
APP00544,22,5,Personal,563.0,33851.0,131656,12.0,12.92
APP00545,41,18,Personal,788.0,104578.0,205920,,6.68
APP00546,40,20,Home,573.0,107242.0,395350,120.0,15.78
APP00547,30,11,Home,584.0,44720.0,302553,24.0,14.49
APP00548,53,33,Home,675.0,126601.0,153042,84.0,0.1
APP00549,57,39,Personal,562.0,159968.0,239818,24.0,11.56
APP00550,38,21,Home,727.0,96253.0,373836,120.0,10.93
APP00551,37,14,Education,688.0,102023.0,37019,84.0,12.45
APP00552,37,14,Education,434.0,84018.0,30790,120.0,17.5
APP00553,54,37,Education,536.0,162034.0,418055,12.0,13.19
APP00554,28,6,Personal,592.0,39431.0,280311,,13.77
APP00555,33,12,Home,682.0,50054.0,101054,84.0,12.88
APP00556,25,4,Auto,564.0,33742.0,388263,84.0,14.99
APP00557,42,23,Personal,592.0,124907.0,222191,24.0,12.21
APP00558,60,38,Home,698.0,,12656,84.0,10.01
APP00559,38,18,Education,570.0,75510.0,420800,84.0,11.86
APP00560,21,1,Auto,672.0,31207.0,259065,36.0,11.97
APP00561,52,30,Auto,541.0,88662.0,328051,24.0,15.86
APP00562,27,7,Personal,,71861.0,85308,84.0,8.73
APP00563,24,2,Personal,,17543.0,167833,120.0,11.61
APP00564,49,29,Home,558.0,136324.0,248088,48.0,12.44
APP00565,32,10,Home,462.0,81413.0,301687,48.0,12.3
APP00566,56,35,Personal,516.0,122055.0,455906,24.0,13.25
APP00567,20,0,Personal,724.0,16953.0,190863,48.0,10.26
APP00568,57,36,Personal,603.0,156079.0,208232,12.0,10.8
APP00569,22,0,Home,731.0,50628.0,328940,120.0,11.02
APP00570,41,22,Personal,543.0,92563.0,296226,36.0,12.71
APP00571,42,25,Home,574.0,94330.0,59151,84.0,13.78
APP00572,29,8,Personal,639.0,60848.0,401796,60.0,12.6
APP00573,50,32,Home,732.0,151502.0,431694,12.0,9.64
APP00574,42,19,Personal,631.0,74209.0,78543,24.0,10.78
APP00575,43,22,Education,567.0,88579.0,133159,120.0,12.73
APP00576,30,8,Personal,672.0,73119.0,403093,12.0,10.8
APP00577,28,5,Personal,655.0,49048.0,414976,120.0,11.98
APP00578,31,12,Auto,687.0,56032.0,175030,48.0,12.0
APP00579,59,40,Personal,634.0,158060.0,344157,36.0,12.02
APP00580,23,0,Home,599.0,37220.0,168203,60.0,10.58
APP00581,27,5,Personal,649.0,61444.0,396632,12.0,8.7
APP00582,36,16,Personal,452.0,85649.0,289103,84.0,14.22
APP00583,26,8,Personal,669.0,55403.0,291609,24.0,9.95
APP00584,27,10,Personal,745.0,36737.0,199789,48.0,8.98
APP00585,33,11,Home,691.0,73307.0,471077,48.0,11.2
APP00586,36,18,Personal,,95294.0,236415,48.0,11.19
APP00587,22,1,Home,527.0,36273.0,54307,36.0,14.42
APP00588,59,36,Personal,752.0,145478.0,41714,36.0,6.9
APP00589,24,6,Home,608.0,51029.0,122817,36.0,13.63
APP00590,22,0,Home,631.0,44340.0,150638,84.0,14.79
APP00591,49,32,Education,665.0,126789.0,316098,12.0,12.52
APP00592,57,36,Auto,,127013.0,397247,36.0,13.05
APP00593,33,12,Personal,651.0,81920.0,404043,48.0,13.96
APP00594,44,27,Personal,766.0,110681.0,376636,36.0,8.62
APP00595,20,3,Auto,609.0,35314.0,20177,84.0,14.56
APP00596,41,23,Auto,799.0,110032.0,13434,120.0,9.02
APP00597,55,33,Personal,678.0,131744.0,142686,12.0,10.66
APP00598,46,28,Personal,673.0,118498.0,299700,36.0,12.87
APP00599,49,27,Home,723.0,99525.0,74173,84.0,7.07
APP00600,35,14,Home,721.0,94353.0,95198,120.0,6.06
APP00601,24,1,Personal,731.0,12994.0,279780,24.0,12.3
APP00602,41,23,Personal,692.0,,292953,48.0,8.73
APP00603,47,24,Personal,602.0,87690.0,148788,120.0,14.17
APP00604,30,9,Auto,777.0,48014.0,192458,24.0,9.1
APP00605,47,27,Personal,636.0,109962.0,373216,12.0,10.39
APP00606,20,0,Auto,582.0,43079.0,400304,36.0,14.14
APP00607,41,22,Auto,719.0,,188551,48.0,0.1
APP00608,45,23,Personal,699.0,96551.0,335862,36.0,11.34
APP00609,23,1,Education,646.0,14337.0,268769,24.0,13.55
APP00610,25,5,Personal,654.0,60885.0,362472,24.0,12.47
APP00611,20,0,Personal,694.0,30378.0,289116,84.0,9.36
APP00612,37,18,Personal,800.0,93770.0,396637,60.0,5.61
APP00613,30,9,Personal,642.0,55847.0,65476,24.0,11.44
APP00614,59,40,Personal,549.0,150297.0,161699,12.0,11.84
APP00615,43,25,Auto,603.0,119846.0,443297,24.0,10.45
APP00616,59,37,Auto,688.0,152713.0,21760,36.0,12.26
APP00617,22,0,Personal,632.0,47028.0,242885,12.0,14.21
APP00618,39,16,Personal,596.0,84032.0,256850,36.0,11.87
APP00619,42,-5,Business,706.0,85457.0,334889,48.0,15.29
APP00620,32,14,Personal,706.0,86216.0,378470,,12.93
APP00621,44,22,Home,632.0,101078.0,494748,12.0,12.85
APP00622,22,0,Home,671.0,26420.0,168932,36.0,11.55
APP00623,27,7,Home,598.0,10000.0,400185,120.0,17.0
APP00624,48,27,Personal,600.0,103329.0,140083,48.0,10.12
APP00625,57,36,Personal,621.0,,88057,12.0,13.75
APP00626,27,10,Personal,540.0,-999.0,243531,48.0,15.0
APP00627,61,38,Auto,675.0,155321.0,14743,48.0,10.56
APP00628,55,32,Auto,641.0,141288.0,350996,,12.81
APP00629,52,31,Auto,608.0,128863.0,458410,36.0,13.22
APP00630,45,23,Home,656.0,89420.0,177856,120.0,11.4
APP00631,61,40,Personal,658.0,164382.0,38645,48.0,9.78
APP00632,40,21,Education,588.0,102569.0,281436,84.0,10.54
APP00633,25,8,Personal,600.0,,386085,12.0,11.45
APP00634,55,36,Personal,584.0,116636.0,376764,48.0,11.47
APP00635,35,13,Personal,753.0,52893.0,284946,,10.56
APP00636,60,38,Personal,514.0,163476.0,408336,36.0,12.76
APP00637,24,1,Home,640.0,,205644,12.0,9.66
APP00638,47,27,Education,712.0,89281.0,359615,24.0,11.93
APP00639,28,10,Home,560.0,59091.0,116011,36.0,13.49
APP00640,21,0,Personal,570.0,30501.0,213331,24.0,12.14
APP00641,40,17,Education,568.0,93811.0,478241,60.0,14.84
APP00642,22,0,Personal,502.0,36318.0,152439,120.0,14.38
APP00643,33,14,Personal,737.0,80262.0,89762,12.0,10.23
APP00644,28,9,Personal,900.0,47007.0,252111,24.0,12.04
APP00645,41,22,Education,555.0,74984.0,177273,84.0,14.06
APP00646,31,10,Home,591.0,52478.0,298956,24.0,14.42
APP00647,20,2,Auto,654.0,56720.0,233702,120.0,12.46
APP00648,30,7,Home,614.0,29379.0,246600,84.0,15.07
APP00649,61,38,Home,569.0,164741.0,346979,48.0,13.99
APP00650,53,36,Auto,679.0,122344.0,375857,36.0,11.93
APP00651,47,30,Personal,569.0,106100.0,460508,36.0,14.53
APP00652,51,32,Personal,607.0,133614.0,136865,36.0,9.5
APP00653,31,13,Education,,58953.0,172877,24.0,10.86
APP00654,51,29,Home,581.0,118749.0,161238,36.0,10.6
APP00655,56,35,Personal,644.0,124262.0,311119,12.0,10.71
APP00656,53,32,Home,587.0,133955.0,74593,120.0,14.53
APP00657,29,10,Auto,848.0,74395.0,349889,12.0,7.4
APP00658,49,26,Auto,605.0,90777.0,37700,24.0,13.11
APP00659,34,15,Home,692.0,85736.0,164212,24.0,10.64
APP00660,22,4,Home,570.0,47982.0,182634,36.0,14.66
APP00661,29,11,Personal,549.0,76537.0,382624,12.0,12.43
APP00662,31,10,Home,627.0,27308.0,443110,120.0,11.23
APP00663,21,4,Education,610.0,55783.0,79178,24.0,14.07
APP00664,54,35,Education,610.0,124133.0,373358,84.0,14.78
APP00665,37,19,Personal,634.0,86500.0,455063,24.0,9.57
APP00666,25,8,Personal,706.0,48385.0,430885,48.0,9.61
APP00667,58,38,Personal,788.0,135754.0,126996,24.0,7.05
APP00668,51,30,Personal,796.0,112451.0,274359,36.0,7.78
APP00669,34,14,Personal,641.0,63278.0,302567,24.0,11.97
APP00670,37,14,Personal,781.0,76770.0,84869,120.0,10.18
APP00671,42,24,Home,770.0,,148849,36.0,9.1
APP00672,36,17,Personal,586.0,79325.0,172210,120.0,35.0
APP00673,25,4,Auto,597.0,53954.0,333984,12.0,12.17
APP00674,59,40,Personal,627.0,159627.0,206494,84.0,11.49
APP00675,40,20,Business,790.0,110583.0,388757,12.0,11.13
APP00676,22,2,Personal,623.0,15876.0,67300,60.0,10.31
APP00677,42,25,Education,615.0,111530.0,302754,12.0,13.23
APP00678,24,5,Home,743.0,44696.0,249287,48.0,9.47
APP00679,53,31,Education,619.0,130572.0,433883,84.0,0.1
APP00680,59,39,Home,621.0,159396.0,237196,60.0,9.8
APP00681,52,29,Personal,680.0,134231.0,330371,36.0,9.2
APP00682,44,27,Home,,117897.0,417799,48.0,12.44
APP00683,30,9,Personal,442.0,65904.0,372183,120.0,15.28
APP00684,36,14,Home,534.0,69846.0,24449,84.0,15.45
APP00685,61,40,Home,,155115.0,115630,60.0,9.87
APP00686,52,32,Personal,,122301.0,256167,24.0,15.0
APP00687,39,22,Auto,729.0,115807.0,310897,24.0,8.03
APP00688,38,21,Home,626.0,108251.0,268201,12.0,10.7
APP00689,38,18,Home,,,320991,60.0,12.57
APP00690,20,0,Home,654.0,,271573,60.0,13.82
APP00691,32,11,Education,490.0,61854.0,381528,84.0,18.49
APP00692,41,21,Personal,575.0,133478.0,354625,36.0,12.93
APP00693,36,15,Personal,549.0,93409.0,208910,84.0,14.33
APP00694,47,30,Personal,651.0,,20914,84.0,10.6
APP00695,38,17,Business,753.0,94714.0,396493,48.0,14.02
APP00696,35,17,Home,,88883.0,317540,48.0,10.05
APP00697,48,27,Auto,638.0,110613.0,158017,120.0,0.05
APP00698,39,22,Personal,477.0,95545.0,185726,36.0,13.96
APP00699,30,11,Education,602.0,51791.0,79386,48.0,13.8
APP00700,45,26,Personal,613.0,104625.0,76284,12.0,6.7
APP00701,20,0,Home,617.0,17757.0,349315,48.0,15.15
APP00702,44,22,Personal,679.0,82236.0,281001,24.0,11.0
APP00703,52,29,Education,743.0,116345.0,335852,48.0,11.26
APP00704,59,-5,Personal,631.0,140875.0,230359,48.0,8.63
APP00705,34,15,Home,,87981.0,279950,120.0,11.74
APP00706,57,38,Home,,166366.0,473826,48.0,14.13
APP00707,59,37,Personal,680.0,145378.0,296937,48.0,9.2
APP00708,34,14,Home,635.0,69016.0,205474,12.0,13.39
APP00709,47,28,Personal,494.0,128412.0,278965,48.0,13.43
APP00710,22,2,Auto,659.0,33898.0,343078,,13.03
APP00711,37,17,Home,580.0,113841.0,28788,84.0,13.59
APP00712,21,1,Personal,713.0,10000.0,100199,84.0,9.28
APP00713,22,5,Personal,669.0,10282.0,130733,12.0,14.24
APP00714,50,27,Home,639.0,99201.0,434688,36.0,11.37
APP00715,29,9,Personal,,65222.0,221728,60.0,8.7
APP00716,43,20,Personal,,104960.0,175520,12.0,11.9
APP00717,24,7,Home,608.0,44635.0,189914,120.0,17.34
APP00718,56,37,Home,636.0,,186505,120.0,12.37
APP00719,50,30,Business,642.0,120995.0,144686,60.0,12.18
APP00720,36,15,Auto,566.0,84680.0,93681,48.0,13.5
APP00721,25,5,Auto,679.0,75655.0,490924,120.0,10.75
APP00722,59,40,Personal,667.0,123369.0,46541,84.0,11.38
APP00723,21,2,Home,592.0,69096.0,384675,84.0,12.54
APP00724,46,23,Personal,510.0,118849.0,306169,48.0,14.0
APP00725,52,32,Personal,730.0,127195.0,64587,60.0,10.82
APP00726,33,13,Personal,739.0,78464.0,58507,48.0,10.67
APP00727,31,8,Home,707.0,54700.0,452149,48.0,9.3
APP00728,59,39,Home,714.0,161443.0,206201,12.0,7.92
APP00729,31,12,Personal,779.0,75028.0,96909,120.0,10.16
APP00730,53,32,Personal,664.0,143571.0,76119,12.0,11.2
APP00731,57,35,Business,768.0,126471.0,65835,120.0,9.63
APP00732,44,27,Home,628.0,125086.0,362253,24.0,13.32
APP00733,46,24,Education,571.0,96466.0,51705,84.0,13.54
APP00734,40,22,Business,,95479.0,362606,60.0,11.63
APP00735,52,32,Home,616.0,143865.0,141862,60.0,11.87
APP00736,58,40,Business,681.0,150931.0,108717,12.0,12.95
APP00737,48,31,Business,786.0,133306.0,273875,120.0,11.27
APP00738,38,17,Auto,676.0,88847.0,382074,12.0,11.21
APP00739,21,3,Auto,726.0,40733.0,337783,60.0,11.55
APP00740,30,11,Personal,812.0,46514.0,36059,24.0,7.18
APP00741,30,10,Personal,786.0,68939.0,146902,48.0,35.0
APP00742,60,40,Personal,651.0,160388.0,82321,,11.24
APP00743,22,5,Personal,590.0,79124.0,141534,84.0,12.36
APP00744,51,29,Home,813.0,106860.0,228578,120.0,8.02
APP00745,59,40,Home,559.0,173537.0,54514,36.0,14.07
APP00746,51,28,Auto,499.0,112986.0,429434,60.0,13.67
APP00747,35,16,Personal,485.0,76398.0,469387,60.0,14.14
APP00748,26,3,Home,737.0,65028.0,164331,84.0,12.39
APP00749,40,22,Personal,527.0,98154.0,491236,24.0,13.4
APP00750,42,19,Personal,624.0,102601.0,165338,36.0,14.47
APP00751,28,6,Auto,634.0,50925.0,128340,24.0,14.63
APP00752,37,20,Personal,999.0,80249.0,459661,48.0,9.74
APP00753,51,30,Home,535.0,122540.0,156209,12.0,14.05
APP00754,27,6,Personal,649.0,42460.0,373716,48.0,11.39
APP00755,29,9,Home,669.0,55271.0,346039,48.0,10.05
APP00756,47,27,Personal,757.0,144236.0,359140,24.0,10.1
APP00757,57,38,Personal,626.0,158471.0,387160,24.0,11.23
APP00758,51,32,Home,666.0,106242.0,269889,120.0,13.02
APP00759,28,11,Home,623.0,93294.0,311544,36.0,11.95
APP00760,58,40,Home,732.0,163537.0,54696,60.0,9.95
APP00761,20,3,Personal,720.0,52947.0,46225,24.0,12.99
APP00762,51,32,Auto,614.0,155771.0,211525,36.0,12.25
APP00763,43,24,Personal,689.0,94362.0,474588,24.0,13.02
APP00764,52,32,Business,527.0,137316.0,143118,24.0,15.88
APP00765,27,8,Education,651.0,53371.0,109060,60.0,12.69
APP00766,20,0,Auto,575.0,24693.0,465026,84.0,12.3
APP00767,50,31,Personal,612.0,124594.0,5916,,14.14
APP00768,47,25,Home,726.0,111513.0,294417,48.0,9.92
APP00769,55,36,Business,817.0,162699.0,13568,,9.9
APP00770,40,21,Auto,662.0,,130761,,12.78
APP00771,20,0,Home,635.0,34338.0,429803,12.0,10.68
APP00772,60,40,Personal,620.0,176062.0,104295,60.0,10.8
APP00773,22,5,Personal,706.0,11239.0,434267,120.0,11.02
APP00774,26,9,Home,632.0,59387.0,367740,48.0,10.59
APP00775,54,34,Home,725.0,144191.0,217205,120.0,12.08
APP00776,33,13,Home,769.0,76376.0,35850,12.0,11.06
APP00777,48,25,Personal,697.0,131341.0,36267,24.0,10.43
APP00778,24,3,Personal,616.0,42276.0,212400,,10.9
APP00779,40,20,Education,708.0,114706.0,176057,84.0,11.13
APP00780,37,20,Personal,592.0,91470.0,251696,60.0,11.26
APP00781,59,40,Business,506.0,168510.0,187739,12.0,18.6
APP00782,42,24,Personal,738.0,108558.0,103496,48.0,8.65
APP00783,38,16,Home,800.0,77615.0,11625,60.0,10.32
APP00784,51,-5,Home,753.0,140349.0,190681,24.0,9.76
APP00785,43,22,Home,618.0,109181.0,435464,84.0,13.24
APP00786,34,13,Auto,377.0,58348.0,139672,60.0,16.9
APP00787,36,14,Auto,,89198.0,460906,120.0,14.51
APP00788,37,16,Auto,696.0,77463.0,441572,48.0,11.51
APP00789,27,4,Personal,615.0,44479.0,358360,60.0,12.94
APP00790,27,5,Personal,757.0,10000.0,216280,,10.93
APP00791,55,33,Personal,581.0,135407.0,299509,84.0,12.3
APP00792,20,3,Personal,686.0,11090.0,214267,60.0,12.43
APP00793,41,22,Auto,664.0,,146076,36.0,11.15
APP00794,49,27,Home,667.0,104888.0,164011,36.0,10.58
APP00795,50,28,Auto,534.0,113167.0,128961,60.0,15.9
APP00796,29,11,Home,638.0,62741.0,105229,24.0,12.28
APP00797,29,10,Home,667.0,42222.0,62111,36.0,12.84
APP00798,21,0,Personal,614.0,30596.0,127997,84.0,11.97
APP00799,40,21,Education,541.0,,429501,36.0,15.69
APP00800,36,19,Auto,606.0,87819.0,354066,36.0,12.6
APP00801,35,12,Auto,569.0,,474335,36.0,10.75
APP00802,46,28,Education,673.0,139022.0,32077,24.0,35.0
APP00803,55,37,Personal,723.0,170087.0,347075,36.0,9.43
APP00804,22,3,Home,671.0,36371.0,168085,84.0,10.52
APP00805,39,20,Home,675.0,79793.0,230121,36.0,13.63
APP00806,25,6,Personal,631.0,56669.0,495759,24.0,12.69
APP00807,33,11,Home,660.0,88800.0,223826,48.0,11.47
APP00808,22,0,Home,489.0,17012.0,458093,24.0,12.8
APP00809,52,31,Home,651.0,149724.0,14773,60.0,11.36
APP00810,60,40,Personal,716.0,156105.0,382810,120.0,11.01
APP00811,58,40,Auto,602.0,118506.0,186101,36.0,14.75
APP00812,51,28,Personal,700.0,120780.0,329089,24.0,9.14
APP00813,31,13,Personal,524.0,99959.0,190285,60.0,0.1
APP00814,42,20,Personal,648.0,104956.0,402512,60.0,11.7
APP00815,20,1,Auto,629.0,49377.0,139478,84.0,12.61
APP00816,41,19,Personal,682.0,96972.0,424725,60.0,11.9
APP00817,21,1,Auto,656.0,10000.0,278776,48.0,12.23
APP00818,34,11,Home,823.0,29938.0,370571,60.0,10.28
APP00819,38,20,Home,389.0,78175.0,119223,48.0,20.54
APP00820,55,38,Personal,528.0,145959.0,343007,48.0,11.53
APP00821,30,12,Business,590.0,53389.0,273111,24.0,16.25
APP00822,54,34,Home,,126796.0,115111,60.0,13.12
APP00823,26,4,Personal,592.0,54633.0,266242,120.0,13.13
APP00824,30,9,Auto,590.0,80875.0,391304,12.0,14.13
APP00825,46,23,Home,518.0,78281.0,304649,60.0,14.94
APP00826,34,11,Auto,535.0,49287.0,206709,48.0,14.22
APP00827,27,7,Auto,574.0,51012.0,416499,120.0,15.36
APP00828,49,26,Business,766.0,110252.0,136753,,14.36
APP00829,50,31,Education,,93903.0,132724,24.0,13.67
APP00830,44,22,Home,850.0,144686.0,115264,60.0,4.95
APP00831,28,8,Auto,729.0,66304.0,433182,36.0,9.79
APP00832,45,28,Personal,621.0,125105.0,42135,60.0,11.41
APP00833,51,29,Auto,710.0,93930.0,211342,84.0,9.48
APP00834,61,38,Auto,,,256780,48.0,10.19
APP00835,44,22,Education,548.0,82814.0,179857,120.0,14.71
APP00836,34,14,Auto,514.0,82564.0,85779,120.0,13.01
APP00837,55,35,Home,762.0,146523.0,137889,84.0,7.39
APP00838,35,13,Auto,567.0,72322.0,222546,36.0,12.96
APP00839,30,11,Home,714.0,-999.0,209814,36.0,6.66
APP00840,53,33,Home,699.0,126921.0,430135,24.0,13.13
APP00841,30,12,Business,510.0,71127.0,157919,120.0,15.93
APP00842,47,26,Home,696.0,77080.0,242163,48.0,8.81
APP00843,49,29,Personal,689.0,133878.0,471860,60.0,9.14
APP00844,51,34,Personal,747.0,136091.0,198897,60.0,9.16
APP00845,28,10,Personal,642.0,100242.0,362960,120.0,12.18
APP00846,28,5,Home,681.0,47668.0,415626,48.0,10.31
APP00847,43,25,Home,675.0,74721.0,35309,12.0,10.49
APP00848,56,39,Personal,625.0,177954.0,148964,120.0,8.6
APP00849,36,13,Home,776.0,60623.0,475415,36.0,7.64
APP00850,25,8,Business,722.0,38653.0,291608,12.0,13.04
APP00851,51,28,Auto,,118986.0,87583,12.0,9.88
APP00852,32,10,Auto,673.0,81424.0,82939,48.0,11.49
APP00853,39,17,Home,738.0,113776.0,86402,12.0,10.51
APP00854,23,0,Education,568.0,24218.0,464183,120.0,13.9
APP00855,32,14,Personal,594.0,78132.0,78532,24.0,12.34
APP00856,58,38,Auto,725.0,155070.0,410711,36.0,11.1
APP00857,32,15,Auto,626.0,68213.0,319350,84.0,15.46
APP00858,54,33,Personal,612.0,128019.0,488648,120.0,14.88
APP00859,25,8,Home,657.0,53489.0,347867,36.0,10.29
APP00860,36,16,Personal,517.0,80333.0,184842,36.0,11.44
APP00861,55,33,Personal,658.0,151675.0,89338,12.0,11.34
APP00862,24,3,Personal,684.0,10529.0,481511,12.0,10.16
APP00863,46,24,Personal,618.0,114011.0,99279,48.0,14.23
APP00864,37,16,Home,,86874.0,343078,120.0,12.7
APP00865,60,39,Personal,785.0,175539.0,413520,120.0,7.9
APP00866,41,22,Education,678.0,94598.0,494603,12.0,11.28
APP00867,24,6,Personal,562.0,43572.0,168296,60.0,11.85
APP00868,38,20,Auto,597.0,95572.0,99967,60.0,0.1
APP00869,53,36,Home,514.0,136665.0,113251,48.0,13.87
APP00870,23,4,Personal,504.0,33803.0,163469,36.0,13.48
APP00871,34,16,Education,490.0,71103.0,26009,60.0,17.62
APP00872,23,0,Home,577.0,19943.0,318558,84.0,14.0
APP00873,26,4,Personal,678.0,27272.0,344506,48.0,9.0
APP00874,42,22,Education,704.0,,184995,24.0,13.5
APP00875,49,32,Personal,635.0,120527.0,353058,48.0,13.56
APP00876,27,7,Home,726.0,41207.0,42557,48.0,13.04
APP00877,21,0,Home,690.0,10000.0,185992,120.0,13.3
APP00878,33,15,Auto,552.0,,173371,24.0,14.09
APP00879,39,19,Auto,576.0,95311.0,36563,120.0,15.07
APP00880,58,40,Auto,667.0,157059.0,415350,60.0,11.87
APP00881,24,2,Auto,699.0,19903.0,343430,84.0,10.87
APP00882,36,13,Personal,731.0,81060.0,128119,,10.26
APP00883,56,36,Home,534.0,141373.0,142998,48.0,14.11
APP00884,31,9,Home,488.0,56997.0,442568,48.0,17.98
APP00885,39,22,Personal,807.0,,358493,36.0,8.27
APP00886,28,9,Home,622.0,56875.0,43067,24.0,10.74
APP00887,54,33,Auto,725.0,150211.0,187034,12.0,10.94
APP00888,35,12,Home,648.0,56264.0,74819,12.0,0.1
APP00889,60,40,Personal,534.0,147874.0,126498,60.0,12.29
APP00890,46,27,Home,758.0,118436.0,355360,,10.42
APP00891,23,2,Home,683.0,33146.0,163404,36.0,14.54
APP00892,45,26,Auto,764.0,121256.0,462940,24.0,8.33
APP00893,48,26,Education,694.0,126817.0,40276,36.0,12.21
APP00894,22,3,Personal,566.0,60151.0,459096,48.0,12.72
APP00895,53,34,Personal,643.0,153017.0,15947,12.0,14.34
APP00896,61,40,Personal,726.0,153641.0,307480,60.0,9.18
APP00897,50,27,Education,,113783.0,388262,120.0,13.61
APP00898,42,22,Education,661.0,94668.0,385037,48.0,13.14
APP00899,45,25,Personal,740.0,127200.0,61132,120.0,9.89
APP00900,61,39,Auto,547.0,151249.0,460989,48.0,12.96
APP00901,42,23,Home,616.0,90678.0,143753,24.0,11.56
APP00902,27,4,Business,660.0,27056.0,278882,120.0,12.48
APP00903,44,22,Home,723.0,111551.0,440848,12.0,10.41
APP00904,51,33,Education,639.0,122399.0,252578,60.0,12.13
APP00905,30,7,Home,589.0,12596.0,176139,120.0,13.43
APP00906,35,12,Personal,692.0,78986.0,200225,84.0,11.77
APP00907,51,32,Auto,598.0,137352.0,443990,84.0,13.54
APP00908,45,23,Personal,680.0,115049.0,155754,12.0,12.56
APP00909,42,22,Auto,676.0,115197.0,275051,120.0,12.56
APP00910,56,36,Home,631.0,152853.0,102105,60.0,13.51
APP00911,42,25,Personal,716.0,115859.0,164702,12.0,9.4
APP00912,51,29,Home,742.0,123599.0,33485,24.0,10.83
APP00913,50,28,Education,542.0,107818.0,473599,84.0,15.41
APP00914,24,4,Personal,689.0,11073.0,92070,84.0,10.63
APP00915,25,5,Personal,634.0,16571.0,80617,120.0,13.85
APP00916,48,25,Education,623.0,,16752,12.0,35.0
APP00917,56,38,Personal,654.0,163670.0,78575,60.0,12.1
APP00918,35,18,Personal,742.0,88137.0,414044,60.0,10.09
APP00919,36,13,Home,636.0,60180.0,266174,36.0,16.09
APP00920,41,22,Auto,622.0,110032.0,32880,120.0,12.81
APP00921,22,4,Business,547.0,,298326,12.0,16.04
APP00922,41,24,Personal,634.0,107019.0,388462,24.0,11.53
APP00923,49,30,Personal,648.0,120640.0,99026,48.0,13.42
APP00924,24,2,Business,572.0,18915.0,336304,120.0,17.75
APP00925,41,24,Home,,91772.0,128911,48.0,11.61
APP00926,27,7,Education,687.0,58255.0,198009,12.0,11.7
APP00927,40,20,Personal,760.0,118462.0,464709,24.0,8.28
APP00928,40,19,Personal,626.0,117321.0,465132,12.0,13.28
APP00929,40,22,Education,809.0,97782.0,487423,48.0,11.13
APP00930,34,11,Personal,729.0,72084.0,148820,12.0,12.08
APP00931,22,0,Personal,719.0,28824.0,381244,24.0,10.71
APP00932,28,10,Personal,697.0,64432.0,369899,24.0,10.36
APP00933,27,10,Personal,658.0,68369.0,448030,120.0,0.1
APP00934,42,19,Personal,600.0,104544.0,345836,12.0,35.0
APP00935,58,37,Personal,645.0,131460.0,445244,48.0,10.77
APP00936,33,10,Personal,656.0,88716.0,466191,24.0,9.87
APP00937,33,13,Home,,69900.0,106278,12.0,12.49
APP00938,44,26,Home,774.0,98707.0,89851,12.0,9.1
APP00939,34,13,Home,812.0,106489.0,180245,60.0,8.58
APP00940,36,15,Personal,695.0,64844.0,409843,36.0,9.24
APP00941,26,6,Home,732.0,48858.0,348748,48.0,10.57
APP00942,48,25,Auto,597.0,99221.0,309235,84.0,13.08
APP00943,58,37,Personal,493.0,166337.0,170118,60.0,16.37
APP00944,24,1,Home,644.0,10000.0,147311,48.0,0.05
APP00945,59,39,Business,672.0,160074.0,305866,60.0,10.89
APP00946,23,6,Auto,765.0,25572.0,347888,84.0,10.42
APP00947,39,16,Home,847.0,104762.0,471825,84.0,6.45
APP00948,31,11,Personal,,96892.0,40587,120.0,10.22
APP00949,50,30,Personal,758.0,139139.0,310821,24.0,7.61
APP00950,56,35,Personal,742.0,130525.0,306082,,8.65
APP00951,36,13,Personal,671.0,89301.0,346741,24.0,9.27
APP00952,22,4,Home,,75952.0,233711,48.0,9.31
APP00953,30,13,Home,685.0,75628.0,329822,120.0,13.94
APP00954,28,11,Personal,778.0,59830.0,358740,60.0,12.9
APP00955,60,40,Home,570.0,180263.0,51451,48.0,14.05
APP00956,22,5,Home,469.0,26258.0,370362,24.0,14.97
APP00957,51,29,Auto,665.0,118645.0,22997,60.0,11.04
APP00958,25,2,Education,728.0,35821.0,430080,60.0,13.35
APP00959,26,6,Business,739.0,51272.0,147858,36.0,12.99
APP00960,28,6,Home,609.0,66008.0,194479,24.0,10.22
APP00961,52,33,Education,698.0,133578.0,137389,120.0,11.21
APP00962,59,40,Home,602.0,141610.0,127884,36.0,12.21
APP00963,39,22,Personal,709.0,79533.0,41788,24.0,50.0
APP00964,59,40,Personal,595.0,-999.0,284732,36.0,10.12
APP00965,44,27,Home,569.0,123570.0,258323,36.0,12.18
APP00966,57,37,Home,730.0,163053.0,144251,36.0,10.13
APP00967,41,19,Home,555.0,100286.0,496356,60.0,11.85
APP00968,53,32,Home,537.0,111883.0,31581,36.0,13.56
APP00969,49,32,Home,718.0,141125.0,237273,84.0,9.03
APP00970,30,7,Home,663.0,42632.0,175086,24.0,0.1
APP00971,39,18,Auto,470.0,107312.0,140446,84.0,19.12
APP00972,45,27,Personal,750.0,112017.0,294778,36.0,7.64
APP00973,41,22,Home,557.0,96365.0,235301,120.0,12.63
APP00974,47,25,Personal,619.0,101827.0,89274,12.0,12.59
APP00975,40,21,Home,646.0,112123.0,225379,24.0,10.0
APP00976,43,26,Personal,816.0,111749.0,416553,24.0,6.17
APP00977,23,2,Personal,653.0,77890.0,328073,120.0,8.92
APP00978,46,25,Auto,727.0,127737.0,36097,120.0,8.82
APP00979,61,40,Home,644.0,140670.0,493095,36.0,11.5
APP00980,42,22,Education,696.0,100100.0,77519,36.0,11.94
APP00981,58,37,Personal,542.0,164322.0,214257,60.0,15.05
APP00982,49,32,Personal,655.0,144569.0,208626,24.0,9.18
APP00983,46,23,Personal,606.0,113043.0,405109,60.0,11.42
APP00984,50,32,Education,574.0,136392.0,380800,36.0,17.2
APP00985,41,19,Home,679.0,67962.0,277042,24.0,12.76
APP00986,29,11,Auto,738.0,42976.0,483034,36.0,11.28
APP00987,47,28,Personal,693.0,132036.0,150369,120.0,10.74
APP00988,22,0,Auto,630.0,20832.0,273085,60.0,12.73
APP00989,59,40,Personal,,158606.0,189636,36.0,7.25
APP00990,43,21,Education,566.0,107092.0,97736,,12.33
APP00991,31,12,Home,681.0,40365.0,345685,120.0,9.23
APP00992,55,35,Business,697.0,113944.0,497639,120.0,12.3
APP00993,38,15,Home,648.0,86314.0,24812,24.0,10.75
APP00994,51,34,Home,635.0,130314.0,425930,84.0,13.41
APP00995,52,29,Personal,665.0,117852.0,278518,60.0,11.87
APP00996,35,14,Home,610.0,92149.0,453823,,12.55
APP00997,56,35,Auto,638.0,138250.0,79773,12.0,11.87
APP00998,50,32,Home,714.0,131767.0,245954,,9.88
APP00999,35,16,Home,999.0,85789.0,491162,48.0,15.11
APP01000,35,16,Education,755.0,55470.0,290337,84.0,13.39
APP01001,31,12,Home,692.0,94671.0,7828,120.0,12.77
APP01002,29,10,Home,672.0,68322.0,449529,48.0,10.89
APP01003,55,33,Home,575.0,127607.0,167932,12.0,10.74
APP01004,36,16,Home,622.0,98455.0,466611,48.0,13.01
APP01005,52,31,Auto,,115429.0,218227,,14.08
APP01006,32,13,Auto,709.0,61423.0,307709,36.0,13.68
APP01007,34,11,Auto,705.0,46876.0,139337,36.0,11.45
APP01008,31,12,Personal,747.0,65080.0,323166,36.0,9.43
APP01009,49,30,Personal,659.0,114942.0,315970,36.0,10.14
APP01010,55,38,Home,493.0,155663.0,124298,120.0,0.05
APP01011,38,20,Home,577.0,84072.0,77943,12.0,14.24
APP01012,36,18,Education,625.0,91608.0,154485,120.0,13.31
APP01013,41,21,Business,680.0,103859.0,304476,36.0,13.91
APP01014,45,25,Education,534.0,115965.0,252348,36.0,14.7
APP01015,54,37,Home,638.0,154122.0,467990,120.0,11.76
APP01016,30,7,Auto,,53717.0,437356,36.0,11.95
APP01017,47,29,Auto,606.0,110494.0,144923,48.0,12.25
APP01018,37,20,Personal,638.0,64250.0,65890,84.0,10.9
APP01019,27,9,Personal,834.0,64138.0,181442,36.0,7.47
APP01020,42,19,Personal,651.0,,394662,60.0,11.24
APP01021,58,36,Home,810.0,150352.0,232992,84.0,9.32
APP01022,47,30,Education,672.0,125277.0,287633,12.0,11.44
APP01023,23,2,Personal,596.0,35700.0,441075,36.0,0.1
APP01024,33,15,Personal,697.0,78120.0,204164,84.0,11.96
APP01025,29,7,Personal,620.0,61026.0,48417,120.0,11.26
APP01026,45,23,Auto,647.0,89015.0,151982,60.0,10.87
APP01027,34,13,Personal,473.0,76361.0,236122,24.0,12.54
APP01028,33,11,Personal,680.0,81407.0,106493,24.0,11.31
APP01029,61,40,Personal,605.0,169842.0,184164,48.0,10.27
APP01030,28,10,Personal,742.0,78578.0,444640,36.0,10.24
APP01031,60,40,Personal,660.0,153851.0,491440,36.0,12.56
APP01032,58,40,Home,621.0,156780.0,371543,,11.95
APP01033,40,18,Home,568.0,115703.0,350899,12.0,12.28
APP01034,50,31,Personal,653.0,136777.0,175294,48.0,11.95
APP01035,59,37,Home,621.0,152304.0,360608,24.0,13.26
APP01036,40,23,Personal,589.0,118611.0,414023,,12.07
APP01037,60,40,Business,800.0,144947.0,60165,48.0,8.42
APP01038,36,18,Personal,639.0,85623.0,197930,36.0,13.68
APP01039,52,34,Home,722.0,145431.0,257363,120.0,9.78
APP01040,45,22,Business,768.0,99516.0,434530,84.0,10.81
APP01041,23,0,Personal,683.0,,142491,120.0,0.1
APP01042,41,23,Personal,701.0,110179.0,45497,48.0,9.71
APP01043,25,7,Auto,691.0,65669.0,439971,24.0,9.62
APP01044,53,30,Home,727.0,113659.0,333651,60.0,8.93
APP01045,28,11,Personal,,65066.0,18349,60.0,11.6
APP01046,49,29,Home,690.0,122439.0,218546,120.0,8.68
APP01047,33,11,Auto,661.0,73018.0,207311,48.0,13.77
APP01048,59,40,Home,612.0,165341.0,86949,48.0,11.54
APP01049,58,37,Personal,616.0,148470.0,428353,48.0,11.32
APP01050,49,27,Home,600.0,125137.0,90657,84.0,10.21
APP01051,53,36,Education,666.0,176609.0,26508,60.0,8.24
APP01052,32,15,Personal,754.0,78520.0,226979,84.0,7.93
APP01053,60,38,Home,575.0,141901.0,157956,24.0,12.66
APP01054,31,9,Home,602.0,76944.0,490658,120.0,13.19
APP01055,21,0,Home,572.0,52317.0,470796,120.0,12.3
APP01056,41,18,Personal,646.0,90486.0,192225,36.0,12.17
APP01057,47,26,Personal,731.0,127740.0,48999,12.0,35.0
APP01058,61,39,Personal,624.0,124334.0,119178,120.0,10.51
APP01059,48,26,Auto,674.0,120413.0,360228,12.0,9.6
APP01060,53,30,Personal,466.0,123404.0,489539,120.0,13.34
APP01061,21,2,Personal,638.0,69525.0,67893,48.0,11.97
APP01062,32,10,Auto,688.0,65616.0,109084,84.0,11.08
APP01063,45,27,Personal,,144068.0,481744,84.0,0.05
APP01064,26,9,Personal,521.0,56248.0,157579,36.0,15.92
APP01065,55,32,Home,686.0,128484.0,451020,84.0,13.9
APP01066,30,13,Personal,641.0,63831.0,355327,120.0,10.25
APP01067,45,27,Home,793.0,99099.0,116292,60.0,7.95
APP01068,39,17,Home,604.0,76133.0,58008,60.0,11.72
APP01069,42,23,Personal,638.0,120319.0,443576,120.0,12.55
APP01070,37,15,Personal,620.0,55361.0,345204,84.0,10.61
APP01071,58,35,Auto,658.0,143643.0,497969,120.0,13.07
APP01072,49,28,Home,506.0,136476.0,61686,12.0,13.54
APP01073,52,32,Personal,757.0,136480.0,180174,36.0,10.05
APP01074,26,6,Personal,700.0,57231.0,322442,48.0,10.34
APP01075,36,14,Home,632.0,80215.0,144813,48.0,13.48
APP01076,33,14,Auto,621.0,82846.0,417685,24.0,13.77
APP01077,34,11,Personal,691.0,36893.0,409912,36.0,9.62
APP01078,21,1,Business,678.0,55907.0,356983,84.0,10.79
APP01079,50,31,Personal,617.0,134869.0,20324,84.0,11.37
APP01080,37,18,Home,637.0,79662.0,455750,84.0,12.63
APP01081,54,37,Home,677.0,144305.0,222424,24.0,12.86
APP01082,53,32,Home,616.0,130671.0,352169,24.0,13.54
APP01083,20,0,Personal,624.0,40494.0,211252,24.0,10.56
APP01084,39,17,Personal,616.0,67178.0,268924,120.0,12.5
APP01085,48,30,Home,999.0,107616.0,179907,84.0,9.44
APP01086,25,2,Education,547.0,17232.0,253018,36.0,14.48
APP01087,40,21,Home,575.0,110994.0,122845,36.0,12.09
APP01088,39,19,Personal,679.0,77609.0,168370,48.0,9.97
APP01089,60,40,Home,712.0,160260.0,246359,48.0,10.15
APP01090,21,0,Business,646.0,13354.0,109399,12.0,13.59
APP01091,35,12,Personal,367.0,67848.0,449651,60.0,14.37
APP01092,35,18,Personal,533.0,,65590,84.0,13.39
APP01093,37,14,Education,682.0,64297.0,160844,48.0,0.05
APP01094,29,9,Personal,783.0,76048.0,165292,84.0,8.32
APP01095,45,22,Auto,746.0,102370.0,93209,48.0,10.1
APP01096,53,35,Home,634.0,128214.0,475684,120.0,12.17
APP01097,22,1,Business,622.0,69412.0,144651,,13.74
APP01098,58,40,Personal,616.0,144474.0,93671,12.0,10.4
APP01099,20,0,Education,787.0,13016.0,90844,24.0,13.06
APP01100,48,29,Personal,669.0,98270.0,403379,60.0,10.47
APP01101,20,0,Auto,578.0,54572.0,172189,60.0,16.77
APP01102,28,6,Personal,725.0,52792.0,207709,12.0,10.81
APP01103,26,4,Home,716.0,48340.0,344861,24.0,11.5
APP01104,48,29,Auto,491.0,139768.0,461455,48.0,14.65
APP01105,48,29,Home,601.0,125241.0,42742,84.0,13.89
APP01106,52,30,Home,730.0,137361.0,102387,,10.38
APP01107,37,14,Personal,722.0,100430.0,93446,36.0,7.95
APP01108,41,21,Auto,552.0,101610.0,376090,48.0,14.65
APP01109,53,33,Home,651.0,148302.0,319779,12.0,9.47
APP01110,27,6,Personal,720.0,52990.0,407233,84.0,12.65
APP01111,24,1,Personal,,36055.0,5878,60.0,11.95
APP01112,25,3,Auto,568.0,61599.0,84878,120.0,12.83
APP01113,57,34,Personal,636.0,148252.0,239298,60.0,12.71
APP01114,50,32,Personal,703.0,137287.0,322628,84.0,8.24
APP01115,49,26,Auto,690.0,85716.0,356858,84.0,9.63
APP01116,53,32,Home,575.0,119838.0,304650,120.0,10.72
APP01117,25,8,Home,836.0,46095.0,191165,48.0,8.67
APP01118,44,25,Personal,669.0,110490.0,18034,84.0,12.23
APP01119,20,0,Personal,533.0,36367.0,139026,48.0,16.61
APP01120,59,40,Home,625.0,161128.0,59020,48.0,14.37
APP01121,36,17,Home,435.0,82779.0,464290,120.0,17.08
APP01122,36,14,Personal,597.0,80710.0,478639,,13.65
APP01123,32,15,Education,648.0,84082.0,295882,48.0,11.83
APP01124,42,24,Home,842.0,120930.0,462057,12.0,9.3
APP01125,23,6,Home,667.0,23517.0,292674,,14.89
APP01126,40,21,Auto,681.0,113167.0,234288,60.0,12.58
APP01127,24,4,Personal,712.0,72715.0,383822,84.0,9.6
APP01128,26,8,Education,669.0,,163655,84.0,12.61
APP01129,57,34,Personal,605.0,,476053,48.0,13.35
APP01130,34,16,Personal,759.0,68547.0,257395,36.0,9.02
APP01131,26,6,Business,693.0,49048.0,415456,60.0,0.1
APP01132,27,8,Home,774.0,76416.0,366728,48.0,7.8
APP01133,26,5,Education,733.0,50852.0,349168,120.0,12.43
APP01134,57,36,Personal,579.0,115953.0,296330,120.0,14.79
APP01135,53,36,Personal,617.0,96690.0,127174,60.0,13.93
APP01136,31,10,Home,621.0,65719.0,186436,120.0,16.25
APP01137,44,21,Education,622.0,133338.0,218872,24.0,50.0
APP01138,35,16,Personal,688.0,58058.0,225067,84.0,7.44
APP01139,35,13,Home,639.0,62680.0,147841,60.0,14.18
APP01140,35,13,Auto,,72380.0,280328,120.0,10.08
APP01141,21,0,Personal,768.0,,268372,84.0,8.95
APP01142,27,7,Home,760.0,65838.0,126644,12.0,10.48
APP01143,53,32,Education,656.0,108934.0,98854,12.0,8.88
APP01144,49,29,Home,570.0,124684.0,466117,48.0,11.58
APP01145,46,23,Home,605.0,94013.0,291339,36.0,13.01
APP01146,47,25,Home,594.0,122608.0,14579,120.0,13.19
APP01147,34,16,Education,583.0,87126.0,241062,12.0,14.94
APP01148,23,0,Personal,577.0,46788.0,228962,120.0,13.52
APP01149,47,30,Home,672.0,107816.0,245988,24.0,9.98
APP01150,36,16,Personal,,64632.0,119161,,13.89
APP01151,60,39,Personal,687.0,144182.0,472746,36.0,11.72
APP01152,32,14,Auto,580.0,67751.0,84495,60.0,15.32
APP01153,36,18,Business,,76878.0,444766,120.0,0.1
APP01154,27,8,Personal,810.0,36765.0,88897,120.0,35.0
APP01155,57,38,Auto,672.0,142798.0,22323,48.0,11.39
APP01156,27,5,Home,623.0,21563.0,56482,,11.85
APP01157,33,15,Home,850.0,92652.0,483586,36.0,5.52
APP01158,31,12,Personal,678.0,60910.0,187847,84.0,9.3
APP01159,38,15,Personal,605.0,58807.0,262221,24.0,11.42
APP01160,29,10,Personal,723.0,64368.0,255829,36.0,11.83
APP01161,29,8,Home,598.0,-999.0,405425,60.0,14.05
APP01162,22,5,Personal,625.0,51201.0,114811,120.0,10.3
APP01163,53,34,Education,733.0,133258.0,214229,60.0,10.91
APP01164,24,2,Personal,606.0,62001.0,454617,24.0,12.07
APP01165,22,0,Home,538.0,37762.0,351093,24.0,14.98
APP01166,50,29,Home,709.0,,125622,120.0,11.84
APP01167,44,26,Personal,719.0,126239.0,352978,12.0,10.25
APP01168,25,6,Education,546.0,50750.0,419657,120.0,14.75
APP01169,22,0,Auto,627.0,39610.0,195711,60.0,15.99
APP01170,28,-5,Auto,739.0,10000.0,233243,24.0,12.63
APP01171,22,5,Personal,674.0,38867.0,349497,60.0,10.28
APP01172,44,24,Home,720.0,99740.0,161279,120.0,10.8
APP01173,44,26,Home,645.0,132082.0,159993,84.0,11.21
APP01174,58,38,Personal,605.0,135067.0,352132,36.0,11.18
APP01175,30,8,Home,611.0,60448.0,416463,36.0,10.67
APP01176,45,23,Auto,630.0,100620.0,279412,36.0,12.92
APP01177,27,7,Education,669.0,31287.0,173710,12.0,14.52
APP01178,43,26,Home,,104314.0,356961,24.0,17.48
APP01179,39,18,Personal,505.0,95326.0,147579,120.0,14.69
APP01180,22,1,Personal,656.0,29760.0,32532,60.0,11.03
APP01181,29,12,Auto,708.0,65360.0,311088,12.0,10.79
APP01182,57,39,Personal,604.0,153199.0,6586,60.0,0.05
APP01183,41,23,Home,656.0,104452.0,325366,,11.26
APP01184,28,10,Home,571.0,66223.0,203477,48.0,13.46
APP01185,51,28,Home,547.0,117925.0,274027,60.0,12.24
APP01186,47,24,Auto,668.0,84263.0,147635,,10.76
APP01187,22,0,Personal,650.0,26283.0,325127,60.0,10.69
APP01188,41,20,Home,616.0,94781.0,423978,12.0,10.78
APP01189,44,23,Personal,554.0,127602.0,194778,12.0,50.0
APP01190,23,5,Education,661.0,30415.0,270493,24.0,12.35
APP01191,42,22,Personal,651.0,123236.0,494729,120.0,8.48
APP01192,49,29,Personal,636.0,114131.0,272192,36.0,9.64
APP01193,61,40,Personal,646.0,181260.0,99716,60.0,9.4
APP01194,55,36,Home,627.0,,281695,24.0,13.96
APP01195,45,22,Personal,696.0,95539.0,142347,120.0,11.17
APP01196,50,31,Education,686.0,93407.0,24332,48.0,9.57
APP01197,28,-5,Home,794.0,29994.0,128184,12.0,6.78
APP01198,42,21,Personal,765.0,89882.0,14194,60.0,8.25
APP01199,26,3,Home,651.0,46051.0,58037,24.0,50.0
APP01200,25,6,Business,559.0,36804.0,191981,84.0,16.56
APP01201,43,26,Home,703.0,116066.0,190926,60.0,11.65
APP01202,52,34,Home,,125679.0,376736,48.0,13.31
APP01203,51,29,Home,773.0,146079.0,19934,12.0,6.88
APP01204,24,7,Auto,538.0,,119624,24.0,16.33
APP01205,36,19,Home,620.0,119395.0,59903,36.0,12.65
APP01206,22,3,Personal,773.0,65770.0,103348,84.0,9.26
APP01207,25,5,Personal,654.0,31604.0,373150,120.0,11.43
APP01208,42,25,Personal,710.0,,235954,84.0,12.99
APP01209,49,30,Home,705.0,118254.0,287590,48.0,9.13
APP01210,44,27,Auto,615.0,137548.0,391808,48.0,10.32
APP01211,40,17,Personal,719.0,88474.0,71641,12.0,9.24
APP01212,40,22,Auto,586.0,126909.0,113867,24.0,13.43
APP01213,38,21,Personal,628.0,93674.0,255813,120.0,9.78
APP01214,21,0,Personal,818.0,24780.0,149182,84.0,7.35
APP01215,34,12,Home,639.0,55944.0,128620,84.0,10.54
APP01216,44,26,Education,682.0,,472290,,16.32
APP01217,25,5,Education,570.0,51441.0,125747,24.0,15.35
APP01218,61,39,Personal,757.0,155018.0,456272,12.0,9.21
APP01219,52,31,Personal,581.0,132912.0,362730,12.0,9.18
APP01220,24,3,Home,595.0,50127.0,164294,48.0,10.42
APP01221,40,19,Personal,606.0,88885.0,12603,24.0,13.55
APP01222,51,33,Business,579.0,125208.0,98508,60.0,14.8
APP01223,52,35,Home,542.0,126204.0,294236,48.0,12.89
APP01224,49,26,Personal,630.0,104020.0,461555,84.0,8.8
APP01225,30,13,Home,615.0,65816.0,273170,84.0,12.85
APP01226,47,26,Home,644.0,127690.0,383185,84.0,11.44
APP01227,43,21,Education,576.0,110199.0,241534,48.0,14.46
APP01228,30,8,Education,582.0,44042.0,360077,36.0,15.36
APP01229,37,17,Home,,92658.0,34174,12.0,10.54
APP01230,60,37,Auto,652.0,134200.0,308010,120.0,13.22
APP01231,41,23,Business,579.0,115402.0,163197,120.0,11.69
APP01232,58,35,Home,649.0,117157.0,420645,,12.5
APP01233,28,9,Auto,633.0,72851.0,10636,24.0,12.24
APP01234,30,13,Home,733.0,68307.0,74989,24.0,9.12
APP01235,23,2,Personal,701.0,39453.0,442012,48.0,8.98
APP01236,50,31,Personal,690.0,127018.0,92550,48.0,11.24
APP01237,22,4,Personal,730.0,26496.0,326034,60.0,10.14
APP01238,20,0,Personal,,31329.0,477309,24.0,14.6
APP01239,57,35,Personal,756.0,141619.0,313458,120.0,7.48
APP01240,58,36,Home,666.0,156006.0,231977,120.0,12.27
APP01241,56,36,Home,,154033.0,215291,12.0,13.72
APP01242,41,18,Auto,682.0,105549.0,429776,84.0,10.46
APP01243,53,31,Auto,568.0,137036.0,15734,48.0,13.47
APP01244,43,23,Home,789.0,86055.0,460896,12.0,8.05
APP01245,25,4,Home,671.0,54004.0,329450,60.0,11.5
APP01246,39,22,Home,535.0,81960.0,437275,60.0,12.95
APP01247,60,40,Auto,564.0,146838.0,352025,84.0,12.88
APP01248,22,1,Auto,612.0,33779.0,229491,48.0,13.18
APP01249,46,27,Personal,,103501.0,364409,36.0,13.01
APP01250,25,7,Education,686.0,46102.0,403996,48.0,13.66
APP01251,31,13,Personal,720.0,86304.0,7622,120.0,11.61
APP01252,58,36,Personal,730.0,135669.0,177244,84.0,8.7
APP01253,53,33,Auto,693.0,121765.0,414372,60.0,9.55
APP01254,40,23,Personal,579.0,83895.0,378304,84.0,12.49
APP01255,23,2,Auto,738.0,78386.0,320899,12.0,9.29
APP01256,24,7,Personal,746.0,45322.0,449864,12.0,9.59
APP01257,26,9,Personal,500.0,58972.0,61678,84.0,15.23
APP01258,43,25,Education,607.0,110374.0,498486,48.0,12.87
APP01259,35,14,Auto,623.0,91162.0,389327,120.0,13.2
APP01260,49,32,Personal,590.0,-999.0,453476,60.0,11.46
APP01261,56,34,Education,731.0,125019.0,480074,84.0,11.58
APP01262,27,10,Personal,686.0,55974.0,47735,60.0,12.17
APP01263,58,38,Home,655.0,139609.0,238025,60.0,11.38
APP01264,26,7,Education,556.0,30659.0,109945,48.0,15.21
APP01265,31,14,Auto,491.0,46377.0,323886,48.0,15.62
APP01266,25,5,Home,578.0,46327.0,309571,120.0,9.29
APP01267,44,21,Education,586.0,90569.0,104649,48.0,12.45
APP01268,49,31,Home,580.0,149754.0,499335,120.0,13.82
APP01269,30,12,Personal,486.0,60347.0,50338,24.0,13.49
APP01270,49,28,Business,531.0,113945.0,314289,120.0,15.66
APP01271,56,34,Home,,156669.0,155454,36.0,11.48
APP01272,45,28,Personal,676.0,94077.0,383649,120.0,8.79
APP01273,30,8,Home,608.0,,153917,48.0,13.52
APP01274,42,20,Personal,631.0,81332.0,180691,36.0,13.01
APP01275,36,13,Home,644.0,54285.0,277911,12.0,10.88
APP01276,36,16,Home,644.0,86503.0,225689,24.0,11.8
APP01277,54,33,Personal,743.0,137129.0,218240,36.0,9.63
APP01278,36,19,Home,587.0,73512.0,253313,24.0,12.74
APP01279,32,11,Personal,665.0,68602.0,105774,120.0,10.77
APP01280,23,-5,Education,546.0,68907.0,463601,60.0,15.58
APP01281,46,23,Personal,741.0,115576.0,157786,24.0,9.5
APP01282,48,25,Home,706.0,111502.0,207762,60.0,10.25
APP01283,57,35,Home,726.0,133423.0,142498,24.0,9.53
APP01284,45,25,Home,658.0,108426.0,401529,,11.63
APP01285,55,32,Personal,640.0,,378761,60.0,12.18
APP01286,42,22,Personal,550.0,96791.0,104133,12.0,15.55
APP01287,28,7,Personal,674.0,58969.0,203662,,10.46
APP01288,21,0,Personal,755.0,44309.0,353928,120.0,8.34
APP01289,51,30,Auto,434.0,103584.0,26388,12.0,17.51
APP01290,61,40,Personal,786.0,160273.0,103500,60.0,7.91
APP01291,50,28,Home,586.0,126865.0,58662,,13.67
APP01292,48,31,Personal,687.0,124949.0,240125,24.0,13.3
APP01293,24,7,Personal,586.0,42506.0,301185,12.0,13.25
APP01294,55,32,Home,638.0,154695.0,445500,60.0,10.61
APP01295,47,30,Business,713.0,124459.0,462884,12.0,13.21
APP01296,56,34,Home,635.0,137246.0,476177,12.0,11.24
APP01297,59,36,Personal,790.0,136871.0,46212,48.0,7.18
APP01298,46,27,Home,653.0,111655.0,279211,120.0,9.47
APP01299,29,10,Personal,700.0,57236.0,222475,120.0,11.76
APP01300,46,27,Personal,602.0,114630.0,391523,12.0,10.43
APP01301,49,31,Personal,611.0,106563.0,489150,84.0,12.6
APP01302,39,19,Education,619.0,,426641,120.0,12.93
APP01303,24,6,Personal,689.0,39595.0,342280,12.0,10.52
APP01304,57,38,Personal,780.0,146231.0,338587,36.0,11.42
APP01305,48,25,Auto,,101084.0,220482,48.0,13.14
APP01306,61,40,Personal,550.0,168302.0,80608,,12.65
APP01307,35,15,Personal,602.0,77168.0,488353,48.0,10.53
APP01308,48,30,Personal,543.0,136399.0,59300,36.0,9.44
APP01309,35,15,Education,688.0,81057.0,208471,24.0,0.05
APP01310,44,25,Education,652.0,76261.0,498869,36.0,11.11
APP01311,49,27,Education,566.0,123142.0,75205,60.0,13.61
APP01312,21,3,Personal,622.0,60852.0,290169,120.0,11.09
APP01313,39,21,Education,723.0,,476886,120.0,10.38
APP01314,61,39,Personal,686.0,153533.0,163876,12.0,11.0
APP01315,52,33,Home,605.0,118081.0,127690,84.0,12.46
APP01316,38,20,Home,709.0,97259.0,10465,36.0,11.74
APP01317,23,5,Home,681.0,30186.0,19656,60.0,13.06
APP01318,52,34,Business,607.0,112347.0,464795,84.0,12.47
APP01319,44,27,Auto,664.0,119421.0,229517,84.0,10.43
APP01320,55,32,Home,796.0,144471.0,133232,48.0,9.88
APP01321,20,0,Auto,564.0,25393.0,58318,24.0,15.53
APP01322,35,18,Auto,730.0,84657.0,372946,84.0,10.54
APP01323,44,25,Personal,639.0,99603.0,394893,36.0,10.85
APP01324,54,37,Personal,699.0,171856.0,481096,24.0,10.63
APP01325,30,13,Personal,681.0,76919.0,126561,120.0,11.39
APP01326,43,21,Education,672.0,91729.0,198687,120.0,11.26
APP01327,54,37,Education,638.0,143578.0,11558,24.0,13.06
APP01328,40,19,Personal,650.0,92428.0,48416,84.0,13.51
APP01329,23,1,Business,703.0,49186.0,117903,60.0,12.17
APP01330,33,11,Personal,686.0,56710.0,7896,24.0,8.26
APP01331,46,27,Personal,536.0,102794.0,497827,48.0,8.52
APP01332,52,29,Personal,686.0,127024.0,243544,60.0,6.14
APP01333,35,17,Home,752.0,82116.0,410137,12.0,10.06
APP01334,21,0,Education,720.0,10000.0,237492,36.0,10.05
APP01335,52,29,Auto,666.0,120455.0,16718,120.0,12.11
APP01336,21,4,Personal,508.0,37675.0,244975,84.0,15.64
APP01337,42,21,Personal,696.0,90665.0,291751,36.0,10.44
APP01338,21,4,Auto,702.0,44517.0,351615,12.0,13.37
APP01339,41,21,Personal,764.0,100251.0,346891,,9.15
APP01340,61,40,Auto,576.0,182507.0,332561,60.0,11.1
APP01341,56,34,Home,632.0,147633.0,91975,84.0,13.83
APP01342,34,17,Home,609.0,,165917,48.0,13.74
APP01343,28,10,Auto,629.0,54803.0,213455,84.0,11.08
APP01344,48,26,Home,515.0,112771.0,286037,12.0,16.45
APP01345,39,21,Personal,613.0,86736.0,489461,36.0,15.92
APP01346,23,0,Auto,616.0,19169.0,77945,84.0,12.98
APP01347,29,11,Home,620.0,77106.0,369622,60.0,13.55
APP01348,46,27,Auto,774.0,148252.0,212913,12.0,9.73
APP01349,43,22,Personal,600.0,110296.0,396110,24.0,13.77
APP01350,21,0,Personal,615.0,35564.0,122995,60.0,14.44
APP01351,43,22,Home,737.0,107864.0,302240,60.0,8.49
APP01352,47,30,Auto,605.0,137410.0,235580,84.0,10.99
APP01353,38,16,Personal,743.0,79569.0,476398,48.0,11.64
APP01354,47,30,Auto,684.0,124635.0,89567,24.0,11.92
APP01355,30,8,Personal,600.0,64436.0,447685,36.0,10.71
APP01356,51,31,Personal,594.0,152625.0,53416,48.0,12.36
APP01357,40,17,Home,660.0,85124.0,461333,,7.43
APP01358,23,6,Business,634.0,24066.0,231997,12.0,13.12
APP01359,60,40,Personal,657.0,169170.0,320140,48.0,11.38
APP01360,59,40,Personal,604.0,160555.0,130365,120.0,9.97
APP01361,46,28,Personal,,107394.0,479533,24.0,9.42
APP01362,52,35,Home,596.0,129148.0,482608,48.0,12.68
APP01363,59,-5,Personal,612.0,107278.0,137485,,11.3
APP01364,33,13,Personal,635.0,59637.0,426899,36.0,13.85
APP01365,27,7,Auto,551.0,48676.0,189511,24.0,15.38
APP01366,46,27,Personal,624.0,123506.0,461068,24.0,9.0
APP01367,44,25,Education,633.0,108731.0,78107,48.0,12.57
APP01368,47,28,Auto,536.0,104431.0,392118,120.0,13.78
APP01369,37,17,Business,900.0,77803.0,100371,84.0,16.99
APP01370,49,26,Auto,746.0,113393.0,196564,120.0,9.65
APP01371,49,29,Auto,628.0,131079.0,414956,24.0,13.77
APP01372,41,22,Personal,637.0,104226.0,43490,84.0,13.04
APP01373,31,9,Auto,599.0,71007.0,155361,24.0,14.47
APP01374,54,33,Home,772.0,106614.0,464540,24.0,9.63
APP01375,26,4,Personal,632.0,45392.0,355557,12.0,10.87
APP01376,25,3,Auto,509.0,43489.0,209097,60.0,15.27
APP01377,29,9,Home,687.0,44367.0,33745,60.0,13.95
APP01378,30,7,Business,572.0,55020.0,122332,60.0,15.04
APP01379,33,11,Auto,682.0,57110.0,10944,36.0,10.66
APP01380,21,0,Education,638.0,,300803,24.0,11.98
APP01381,55,33,Education,748.0,115988.0,391635,36.0,11.14
APP01382,25,4,Home,686.0,50459.0,146069,24.0,10.78
APP01383,24,3,Education,,47862.0,48258,48.0,16.59
APP01384,31,10,Home,760.0,77870.0,292968,84.0,8.5
APP01385,38,21,Home,850.0,108035.0,459878,48.0,8.59
APP01386,29,10,Business,607.0,68929.0,168139,36.0,15.93
APP01387,24,4,Home,734.0,26639.0,448203,24.0,10.47
APP01388,47,28,Home,679.0,116370.0,59954,84.0,10.87
APP01389,45,23,Business,685.0,99295.0,426967,84.0,11.4
APP01390,22,0,Home,552.0,59669.0,269411,48.0,13.35
APP01391,59,37,Personal,573.0,135270.0,304035,48.0,10.81
APP01392,61,40,Home,761.0,138621.0,276702,12.0,8.34
APP01393,36,18,Home,662.0,72474.0,240971,48.0,9.52
APP01394,21,0,Auto,608.0,44785.0,29465,48.0,14.06
APP01395,54,33,Business,791.0,125976.0,82818,24.0,8.99
APP01396,50,27,Auto,746.0,127133.0,81237,36.0,9.99
APP01397,25,5,Business,708.0,38249.0,19014,36.0,14.0
APP01398,58,37,Auto,573.0,163602.0,308869,24.0,15.45
APP01399,46,25,Business,649.0,86953.0,477006,120.0,14.19
APP01400,31,9,Home,766.0,51995.0,139941,12.0,8.87
